filename,min_temp_0,min_temp_1,idle_events_found
10000305171013-r1457839-n386398_cleaned.parquet,31.0,30.0,1
10081447489111-r6272977-n976057_cleaned.parquet,28.0,24.0,3
10268915074523-r8062914-n136082_cleaned.parquet,27.0,26.0,1
1025423152861-r2652301-n911952_cleaned.parquet,32.0,31.0,1
1048149646958-r1457839-n386398_cleaned.parquet,28.0,28.0,1
10724483963197-r4229531-n976057_cleaned.parquet,34.0,34.0,1
10419715313403-r9535192-n386398_cleaned.parquet,27.0,26.0,1
10560837247072-r2652301-n386398_cleaned.parquet,29.0,27.0,1
10786030644627-r7217787-n43543_cleaned.parquet,36.0,32.0,1
10803464192248-r2582019-n911952_cleaned.parquet,32.0,30.0,1
10922211844014-r3226521-n830961_cleaned.parquet,34.0,30.0,1
10302597894556-r3117156-n136082_cleaned.parquet,26.0,24.0,1
10948149750898-r4179716-n386398_cleaned.parquet,31.0,29.0,1
10302597894556-r4822976-n136082_cleaned.parquet,24.0,23.0,1
11069449748593-r7343737-n830961_cleaned.parquet,34.0,34.0,1
11114112143306-r3741709-n851693_cleaned.parquet,29.0,28.0,2
11084200066727-r3041626-n386398_cleaned.parquet,26.0,26.0,1
11240628453420-r8642123-n386398_cleaned.parquet,32.0,30.0,1
11177781015014-r1485405-n386398_cleaned.parquet,36.0,33.0,1
11439786116841-r6760045-n685852_cleaned.parquet,28.77777777777778,26.0,1
11496331837106-r8937440-n685852_cleaned.parquet,29.0,27.0,1
11396540828652-r4229531-n851693_cleaned.parquet,29.0,27.333333333333332,1
11578318915948-r4229531-n911952_cleaned.parquet,29.77777777777778,27.0,5
11761896145418-r1682297-n976057_cleaned.parquet,29.0,27.0,1
11704718088843-r8937440-n830961_cleaned.parquet,28.0,27.0,1
11781807103828-r9040233-n851693_cleaned.parquet,32.0,29.0,1
11535695379405-r3041626-n976057_cleaned.parquet,27.0,26.0,11
11851464720006-r9189566-n386398_cleaned.parquet,36.0,40.0,1
10855321952286-r8642123-n976057_cleaned.parquet,30.0,29.0,15
11861708111913-r4229531-n386398_cleaned.parquet,29.0,30.0,1
1192551276943-r6272977-n976057_cleaned.parquet,35.888888888888886,32.0,1
11902519226081-r1485405-n976057_cleaned.parquet,26.0,25.0,8
12021759575215-r1485405-n685852_cleaned.parquet,34.0,32.0,1
12021759575215-r7343737-n685852_cleaned.parquet,32.0,31.88888888888889,1
12021759575215-r9102715-n685852_cleaned.parquet,34.0,33.0,1
12021759575215-r9192091-n830961_cleaned.parquet,33.0,31.0,1
12043353552570-r1682297-n911952_cleaned.parquet,34.1,34.0,1
11637946721970-r629115-n386398_cleaned.parquet,32.888888888888886,31.0,1
11998887952133-r9535192-n386398_cleaned.parquet,29.0,28.0,4
12211810947034-r2825489-n208530_cleaned.parquet,30.0,30.9,1
12211810947034-r2998125-n208530_cleaned.parquet,29.88888888888889,28.0,1
12440954812778-r3041626-n911952_cleaned.parquet,33.0,33.888888888888886,1
12404622872677-r7217787-n976057_cleaned.parquet,32.0,32.0,4
12582082170900-r9192091-n976057_cleaned.parquet,28.22222222222222,26.22222222222222,1
12400257813928-r3226521-n911952_cleaned.parquet,28.0,28.0,4
12731443252710-r3741709-n976057_cleaned.parquet,30.0,28.0,7
12423798727580-r5573787-n911952_cleaned.parquet,30.9,29.22222222222222,1
12060126487006-r9720335-n976057_cleaned.parquet,26.0,27.0,1
1278063882854-r8579942-n208530_cleaned.parquet,29.88888888888889,29.0,3
12937147380893-r3879907-n139058_cleaned.parquet,31.0,29.0,1
12937147380893-r9189566-n911952_cleaned.parquet,29.444444444444443,27.0,1
13023227998226-r9175025-n386398_cleaned.parquet,28.0,27.0,1
13025374489198-r8937440-n976057_cleaned.parquet,32.0,32.0,1
13005085915184-r629115-n830961_cleaned.parquet,31.0,32.0,2
13252242774089-r9352821-n386398_cleaned.parquet,30.0,27.0,1
12677774705714-r7217787-n685852_cleaned.parquet,28.0,26.0,1
13288727937236-r3741709-n851693_cleaned.parquet,30.0,28.0,1
13269625421951-r9040233-n911952_cleaned.parquet,27.0,27.0,1
13472182591515-r8333645-n386398_cleaned.parquet,29.0,28.0,1
12994488485579-r9102715-n386398_cleaned.parquet,36.0,34.0,1
13017978521049-r8642123-n976057_cleaned.parquet,28.0,27.0,1
13675049587864-r8062914-n208530_cleaned.parquet,32.0,32.0,1
13675049587864-r8939293-n208530_cleaned.parquet,30.0,31.0,1
135953542729-r2582019-n911952_cleaned.parquet,31.0,28.0,12
13814121390023-r5573787-n976057_cleaned.parquet,26.88888888888889,25.0,1
13938382141662-r3041626-n851693_cleaned.parquet,27.0,25.22222222222222,1
14161959300679-r8333645-n386398_cleaned.parquet,29.0,28.0,1
14255289985586-r8062914-n139058_cleaned.parquet,29.0,25.0,1
1382613438743-r1457839-n911952_cleaned.parquet,29.0,29.0,1
13570915759394-r2652301-n43543_cleaned.parquet,32.0,31.0,1
1441035021516-r9720335-n976057_cleaned.parquet,34.0,33.0,1
14202369235503-r7217787-n851693_cleaned.parquet,30.666666666666668,30.0,11
14442148887626-r3405251-n208530_cleaned.parquet,30.0,26.444444444444443,1
14513764185295-r3041626-n976057_cleaned.parquet,33.0,31.0,2
14690685313548-r6272977-n911952_cleaned.parquet,37.0,35.0,1
14995882144628-r9535192-n976057_cleaned.parquet,27.0,26.0,1
15127267306367-r5189505-n386398_cleaned.parquet,34.0,34.44444444444444,1
14714072076268-r3041626-n851693_cleaned.parquet,30.0,27.555555555555557,1
15132497070115-r4327055-n136082_cleaned.parquet,32.0,30.0,1
14081814442047-r1457839-n911952_cleaned.parquet,34.0,32.333333333333336,1
1527824086477-r8607415-n386398_cleaned.parquet,30.0,30.0,1
14817542589399-r8015356-n911952_cleaned.parquet,33.0,30.0,2
15235021738603-r8333645-n43543_cleaned.parquet,29.0,28.0,1
15602298985116-r6272977-n976057_cleaned.parquet,35.0,31.88888888888889,1
15802933439327-r9102715-n386398_cleaned.parquet,33.0,31.0,1
15549523087057-r3741709-n851693_cleaned.parquet,29.0,28.0,1
15538734191407-r4229531-n976057_cleaned.parquet,27.0,27.0,10
15852098770944-r5130449-n139058_cleaned.parquet,25.0,25.0,1
15852098770944-r8939293-n139058_cleaned.parquet,26.0,22.0,1
15928675978677-r8333645-n386398_cleaned.parquet,33.0,32.0,1
16008623061291-r5189505-n685852_cleaned.parquet,32.0,32.0,1
16008623061291-r7217787-n43543_cleaned.parquet,32.0,32.666666666666664,1
16008623061291-r3405251-n208530_cleaned.parquet,32.77777777777778,32.0,1
16008623061291-r8579942-n208530_cleaned.parquet,34.0,33.0,1
16010225997782-r5573787-n386398_cleaned.parquet,31.0,32.0,1
14979864577421-r4822976-n208530_cleaned.parquet,30.0,29.0,6
16219979646713-r9189566-n685852_cleaned.parquet,25.0,24.0,1
1614166817188-r8015356-n851693_cleaned.parquet,26.0,26.666666666666668,5
16181639986462-r9175025-n911952_cleaned.parquet,29.0,28.0,5
16181639986462-r9535192-n911952_cleaned.parquet,29.0,26.0,7
16402908602577-r3226521-n685852_cleaned.parquet,34.0,32.0,1
16360020936756-r3041626-n911952_cleaned.parquet,27.0,28.0,1
1633773993592-r6760045-n685852_cleaned.parquet,31.0,28.0,5
16657293623062-r3226521-n976057_cleaned.parquet,29.0,30.88888888888889,1
16657293623062-r3741709-n830961_cleaned.parquet,33.0,33.0,1
16657293623062-r4179716-n976057_cleaned.parquet,31.0,30.0,1
16657293623062-r4858666-n830961_cleaned.parquet,32.0,29.0,1
16657293623062-r5573787-n911952_cleaned.parquet,30.0,28.0,1
16657293623062-r629115-n830961_cleaned.parquet,32.0,31.0,1
16657293623062-r8937440-n976057_cleaned.parquet,31.0,31.0,1
16657293623062-r9352821-n830961_cleaned.parquet,33.0,34.0,1
16697902973017-r9189566-n851693_cleaned.parquet,30.0,28.0,2
16794586841064-r5573787-n386398_cleaned.parquet,28.0,27.0,4
16861080915360-r8642123-n911952_cleaned.parquet,31.88888888888889,31.1,1
16915882441255-r8937440-n386398_cleaned.parquet,31.0,30.0,1
17155335282856-r2582019-n976057_cleaned.parquet,33.0,31.0,1
17116967233662-r9040233-n976057_cleaned.parquet,30.0,29.88888888888889,4
17370863843517-r1485405-n685852_cleaned.parquet,33.0,31.0,1
17273782971547-r4327055-n139058_cleaned.parquet,31.0,30.0,3
17370863843517-r6760045-n830961_cleaned.parquet,31.0,31.0,1
17370863843517-r7343737-n685852_cleaned.parquet,31.0,31.0,1
17370863843517-r9102715-n685852_cleaned.parquet,33.0,32.0,1
17370863843517-r9192091-n830961_cleaned.parquet,32.0,30.0,1
1739182910029-r9352821-n43543_cleaned.parquet,31.0,29.11111111111111,1
17308984942668-r9535192-n976057_cleaned.parquet,29.0,28.0,1
17354200744134-r3041626-n976057_cleaned.parquet,28.0,26.0,1
1680751970347-r7217787-n685852_cleaned.parquet,27.0,25.88888888888889,7
17411580538236-r9535192-n386398_cleaned.parquet,25.0,26.0,6
17417168593801-r5130449-n139058_cleaned.parquet,31.0,31.0,1
17394891787368-r9192091-n685852_cleaned.parquet,33.0,31.0,2
17841600602643-r3405251-n136082_cleaned.parquet,28.0,28.0,3
17848293220948-r1457839-n386398_cleaned.parquet,28.0,28.0,1
17609239898028-r1457839-n386398_cleaned.parquet,29.0,32.0,6
17838361369931-r3879907-n139058_cleaned.parquet,29.0,27.0,3
17476886469352-r629115-n830961_cleaned.parquet,34.0,32.0,1
17911624787706-r3226521-n685852_cleaned.parquet,26.0,24.77777777777778,2
18060796015489-r5189505-n685852_cleaned.parquet,27.0,26.0,1
18098489992264-r8333645-n386398_cleaned.parquet,30.0,30.0,1
18044001764166-r9189566-n43543_cleaned.parquet,29.0,30.0,2
18284685005764-r2825489-n208530_cleaned.parquet,25.0,26.0,1
18284685005764-r2998125-n208530_cleaned.parquet,25.0,23.0,1
18316803738610-r2100214-n386398_cleaned.parquet,27.0,25.0,1
18489044336289-r9175025-n976057_cleaned.parquet,30.0,30.0,1
18468194125778-r9192091-n43543_cleaned.parquet,34.0,32.0,1
1791535818804-r8333645-n851693_cleaned.parquet,30.0,28.0,1
18740606543242-r7217787-n976057_cleaned.parquet,34.0,34.0,5
18800826981827-r9535192-n976057_cleaned.parquet,33.0,31.0,1
18834735796376-r6272977-n976057_cleaned.parquet,36.0,32.0,1
18474981746651-r3475376-n136082_cleaned.parquet,27.0,25.0,2
17994250792206-r8642123-n386398_cleaned.parquet,30.0,28.0,1
18909424589462-r9720335-n911952_cleaned.parquet,37.0,34.0,1
18916014054665-r4179716-n976057_cleaned.parquet,33.0,33.0,1
18981700893189-r8062914-n139058_cleaned.parquet,32.0,31.0,2
18943694066457-r9720335-n911952_cleaned.parquet,35.0,31.7,1
19125284572422-r9352821-n976057_cleaned.parquet,34.0,31.0,1
19082186108898-r8937440-n911952_cleaned.parquet,31.0,31.0,1
19186745552647-r3226521-n976057_cleaned.parquet,27.0,28.0,1
19236199231945-r3226521-n911952_cleaned.parquet,30.0,29.0,1
13496835413213-r9720335-n976057_cleaned.parquet,29.0,27.88888888888889,1
18944909218769-r9535192-n976057_cleaned.parquet,29.0,28.0,1
1948489658288-r7217787-n43543_cleaned.parquet,27.333333333333332,28.0,5
19461917655169-r8333645-n685852_cleaned.parquet,28.0,27.88888888888889,1
19879714245077-r5189505-n386398_cleaned.parquet,32.888888888888886,33.0,1
19950162767647-r8579942-n136082_cleaned.parquet,35.0,32.0,1
19666546694016-r1682297-n386398_cleaned.parquet,31.0,31.0,1
20081869304527-r3226521-n43543_cleaned.parquet,30.0,31.0,1
20081869304527-r3741709-n976057_cleaned.parquet,31.0,28.0,1
20081869304527-r4858666-n43543_cleaned.parquet,30.0,29.0,1
19998108251834-r2100214-n386398_cleaned.parquet,28.0,28.0,9
20081869304527-r5189505-n43543_cleaned.parquet,31.0,30.0,1
20081869304527-r7217787-n43543_cleaned.parquet,29.0,29.0,1
20081869304527-r8937440-n43543_cleaned.parquet,31.0,29.0,1
20088241395329-r8939293-n139058_cleaned.parquet,33.0,29.0,1
20081869304527-r9192091-n43543_cleaned.parquet,32.0,30.0,1
20288110357135-r9352821-n976057_cleaned.parquet,34.0,31.0,1
20257289521537-r2652301-n851693_cleaned.parquet,30.0,30.77777777777778,1
20344322601808-r4179716-n976057_cleaned.parquet,29.0,29.0,1
20458757089385-r9040233-n851693_cleaned.parquet,30.1,28.0,1
20478905974762-r9040233-n911952_cleaned.parquet,33.0,33.0,1
18884983846286-r4179716-n976057_cleaned.parquet,28.0,28.0,2
20397201235202-r4822976-n208530_cleaned.parquet,31.0,29.0,9
20544571888815-r4229531-n851693_cleaned.parquet,33.0,31.0,1
20528991358901-r4229531-n386398_cleaned.parquet,28.0,30.0,3
20678630300061-r1457839-n386398_cleaned.parquet,31.0,30.22222222222222,1
20842019414025-r1682297-n386398_cleaned.parquet,34.0,33.0,1
20096244058217-r7217787-n851693_cleaned.parquet,29.0,28.0,1
20989994534750-r8642123-n976057_cleaned.parquet,32.0,30.555555555555557,1
21016353161197-r7217787-n911952_cleaned.parquet,32.0,32.0,1
21205832627243-r3041626-n386398_cleaned.parquet,24.77777777777778,24.77777777777778,1
21212167439019-r3117156-n139058_cleaned.parquet,34.0,34.0,1
21253282758220-r8062914-n136082_cleaned.parquet,36.111111111111114,36.0,1
21253282758220-r9555635-n136082_cleaned.parquet,36.0,33.0,1
21036848710788-r4179716-n911952_cleaned.parquet,28.0,26.0,1
21379517358897-r9102715-n830961_cleaned.parquet,33.0,32.0,1
213827482795-r4229531-n976057_cleaned.parquet,32.111111111111114,32.0,2
21466313590413-r7217787-n43543_cleaned.parquet,34.0,34.0,1
21247491616110-r2100214-n911952_cleaned.parquet,30.11111111111111,31.0,2
21248077335257-r2100214-n386398_cleaned.parquet,29.0,26.0,1
21879520540017-r6272977-n976057_cleaned.parquet,37.0,33.0,1
21732835004399-r8586363-n172998_cleaned.parquet,33.888888888888886,33.0,1
2214582226083-r9040233-n976057_cleaned.parquet,32.0,31.0,1
21968005197274-r3041626-n685852_cleaned.parquet,29.0,26.666666666666668,5
22130588493071-r3226521-n386398_cleaned.parquet,30.0,30.0,1
21883561920533-r9175025-n386398_cleaned.parquet,29.0,28.0,3
22205652631624-r8939293-n208530_cleaned.parquet,30.0,31.0,1
22093623105133-r2652301-n911952_cleaned.parquet,30.22222222222222,29.0,17
22277592595996-r8062914-n139058_cleaned.parquet,28.0,24.11111111111111,1
22617895868725-r4858666-n911952_cleaned.parquet,32.0,31.0,4
22617958244472-r8642123-n976057_cleaned.parquet,33.0,31.7,1
21282903670842-r9720335-n976057_cleaned.parquet,33.0,31.0,13
22783092153023-r8642123-n911952_cleaned.parquet,28.0,28.0,1
22849367535948-r3741709-n43543_cleaned.parquet,32.0,33.0,1
2239084141956-r9102715-n43543_cleaned.parquet,30.0,31.0,1
23021391917037-r9102715-n976057_cleaned.parquet,29.4,30.0,1
23159522944665-r3879907-n208530_cleaned.parquet,31.0,30.0,1
23509894357553-r5189505-n851693_cleaned.parquet,33.0,31.88888888888889,1
2353213898593-r9102715-n911952_cleaned.parquet,33.0,32.0,3
2313548792725-r8642123-n911952_cleaned.parquet,26.0,26.0,1
23545002422734-r6760045-n911952_cleaned.parquet,30.0,29.0,6
23545002422734-r7217787-n911952_cleaned.parquet,31.0,31.0,2
23609208704997-r2100214-n851693_cleaned.parquet,27.0,28.0,1
2356845666028-r6760045-n911952_cleaned.parquet,26.0,27.0,1
23999121678946-r8642123-n911952_cleaned.parquet,29.0,29.0,1
24023884378508-r2100214-n976057_cleaned.parquet,26.0,26.0,1
23636215526403-r9175025-n386398_cleaned.parquet,28.0,27.0,1
24097134351174-r6760045-n976057_cleaned.parquet,32.55555555555556,31.0,1
2410592141421-r629115-n976057_cleaned.parquet,30.0,29.1,2
24101625883962-r4229531-n911952_cleaned.parquet,26.0,25.0,1
24101625883962-r1485405-n830961_cleaned.parquet,25.0,25.0,2
24269420549306-r1457839-n386398_cleaned.parquet,31.0,30.0,1
24232748245222-r3226521-n851693_cleaned.parquet,26.0,27.0,1
24269420549306-r2582019-n386398_cleaned.parquet,32.0,32.77777777777778,1
24269420549306-r4179716-n386398_cleaned.parquet,33.0,31.0,1
24269420549306-r4229531-n386398_cleaned.parquet,33.0,32.0,1
24269420549306-r6272977-n386398_cleaned.parquet,34.0,32.0,1
24269420549306-r6760045-n386398_cleaned.parquet,31.88888888888889,32.0,1
24269420549306-r8607415-n386398_cleaned.parquet,32.0,32.888888888888886,1
24269420549306-r9040233-n386398_cleaned.parquet,32.0,32.0,1
24348691885042-r8607415-n976057_cleaned.parquet,32.1,32.0,2
24532542009503-r3741709-n851693_cleaned.parquet,31.0,29.125,1
18780083328932-r629115-n851693_cleaned.parquet,31.0,32.0,1
24570729686797-r9352821-n976057_cleaned.parquet,31.2,29.0,1
24585639779103-r2998125-n136082_cleaned.parquet,31.0,33.0,1
24694460781878-r9175025-n976057_cleaned.parquet,27.0,27.0,1
24716900385269-r6272977-n976057_cleaned.parquet,32.0,28.0,1
24840810411374-r9192091-n43543_cleaned.parquet,27.0,26.0,1
24850646050797-r5573787-n976057_cleaned.parquet,27.0,25.0,1
24719533970841-r3226521-n43543_cleaned.parquet,30.0,32.0,1
24940561697447-r5130449-n139058_cleaned.parquet,33.0,33.0,1
24940561697447-r8579942-n139058_cleaned.parquet,35.0,35.0,1
24981748386353-r3741709-n911952_cleaned.parquet,33.0,31.0,15
24981748386353-r629115-n911952_cleaned.parquet,31.0,32.0,16
25057471089651-r1682297-n43543_cleaned.parquet,33.0,32.0,1
25057471089651-r1682297-n685852_cleaned.parquet,34.0,31.0,1
25057471089651-r7217787-n830961_cleaned.parquet,35.0,32.0,1
25057471089651-r9555635-n139058_cleaned.parquet,33.0,32.0,1
25133460729370-r3405251-n139058_cleaned.parquet,26.0,26.0,1
25212840727820-r4327055-n136082_cleaned.parquet,32.0,30.0,1
25247565596181-r2582019-n851693_cleaned.parquet,30.88888888888889,28.0,3
25305266140712-r2652301-n43543_cleaned.parquet,26.0,25.0,1
25227040218192-r629115-n851693_cleaned.parquet,31.0,29.0,1
25506793299849-r4229531-n911952_cleaned.parquet,33.0,30.0,1
25018030000115-r7217787-n830961_cleaned.parquet,33.0,30.0,1
25631699140189-r6760045-n685852_cleaned.parquet,29.0,26.0,1
25787225664589-r2100214-n851693_cleaned.parquet,33.0,31.0,1
25909736998548-r3041626-n976057_cleaned.parquet,29.0,28.0,2
26127368395308-r5189505-n386398_cleaned.parquet,28.0,29.0,2
2564107206510-r3226521-n976057_cleaned.parquet,26.0,28.0,6
26237683825194-r9102715-n43543_cleaned.parquet,29.0,31.0,1
26391662585422-r5573787-n976057_cleaned.parquet,27.0,25.0,1
2649728661176-r9352821-n386398_cleaned.parquet,32.0,29.0,1
26524129381849-r3226521-n386398_cleaned.parquet,34.3,34.0,1
26015192616369-r1682297-n976057_cleaned.parquet,30.22222222222222,26.0,300
26331400891200-r9352821-n386398_cleaned.parquet,34.0,30.0,14
2675391250428-r6760045-n976057_cleaned.parquet,28.0,27.0,1
26901162353066-r3041626-n851693_cleaned.parquet,31.0,30.0,1
26435743722939-r4858666-n386398_cleaned.parquet,32.0,33.0,2
26751323255081-r5189505-n851693_cleaned.parquet,31.0,29.0,1
26159857516575-r7343737-n976057_cleaned.parquet,30.0,29.0,1
27316753678946-r4229531-n976057_cleaned.parquet,27.0,27.11111111111111,1
27428180586328-r5130449-n208530_cleaned.parquet,33.0,30.875,1
27087122121443-r2100214-n911952_cleaned.parquet,24.0,24.88888888888889,1
27614546003186-r3226521-n851693_cleaned.parquet,30.0,31.0,1
27731441239544-r3741709-n976057_cleaned.parquet,32.0,30.0,1
26584131760877-r2100214-n911952_cleaned.parquet,26.0,25.0,3
27829631516338-r4229531-n851693_cleaned.parquet,30.0,28.0,1
28000495821100-r2100214-n386398_cleaned.parquet,33.0,31.0,1
28000495821100-r8015356-n386398_cleaned.parquet,32.0,31.0,1
28000495821100-r8642123-n386398_cleaned.parquet,33.0,31.0,1
28000495821100-r9720335-n386398_cleaned.parquet,35.0,30.0,1
28106267057193-r3041626-n386398_cleaned.parquet,30.0,30.0,1
27816833566210-r2582019-n911952_cleaned.parquet,29.0,27.0,2
28260142604016-r9189566-n685852_cleaned.parquet,29.0,28.0,1
28177633770129-r6272977-n386398_cleaned.parquet,29.0,27.0,1
28612723411759-r9535192-n976057_cleaned.parquet,29.0,27.88888888888889,1
28668486963644-r1485405-n386398_cleaned.parquet,31.0,28.88888888888889,3
28786112566987-r3226521-n386398_cleaned.parquet,28.0,30.0,1
28891041828614-r2582019-n851693_cleaned.parquet,30.0,28.0,7
28522950769628-r5189505-n830961_cleaned.parquet,31.0,31.0,41
2896696516018-r9555635-n136082_cleaned.parquet,26.0,24.0,1
28975128430973-r9555635-n139058_cleaned.parquet,28.0,26.0,1
28975128430973-r7217787-n830961_cleaned.parquet,32.0,30.0,1
28891041828614-r6760045-n851693_cleaned.parquet,27.0,26.0,2
28623452489817-r9102715-n830961_cleaned.parquet,31.0,30.88888888888889,1
29110818799870-r1457839-n851693_cleaned.parquet,36.0,31.0,2
29184264937989-r7343737-n43543_cleaned.parquet,27.0,25.0,1
29110818799870-r6272977-n851693_cleaned.parquet,31.0,30.0,6
2928200543688-r8642123-n976057_cleaned.parquet,35.0,34.0,1
28973967295294-r3879907-n208530_cleaned.parquet,31.666666666666668,31.0,1
29635300893438-r2582019-n911952_cleaned.parquet,34.333333333333336,33.0,1
29385857904124-r1485405-n830961_cleaned.parquet,29.333333333333332,29.0,1
29680576724807-r2100214-n386398_cleaned.parquet,28.0,26.0,1
29766766254811-r4179716-n386398_cleaned.parquet,32.0,30.1,1
29421067076688-r3117156-n208530_cleaned.parquet,30.0,31.0,3
29812630314616-r4858666-n386398_cleaned.parquet,29.0,28.0,1
29769067260045-r7217787-n911952_cleaned.parquet,30.0,32.0,8
2957468615776-r3879907-n208530_cleaned.parquet,31.0,30.0,1
29598932304395-r8015356-n386398_cleaned.parquet,27.0,27.0,1
29920577257795-r4179716-n911952_cleaned.parquet,35.0,32.888888888888886,1
29731693947133-r4179716-n976057_cleaned.parquet,30.7,28.0,2
27612091376072-r1485405-n911952_cleaned.parquet,30.0,27.0,2
30100505583371-r9175025-n976057_cleaned.parquet,29.0,28.0,1
30102686406698-r3475376-n136082_cleaned.parquet,29.0,27.0,1
30124132968695-r4179716-n911952_cleaned.parquet,31.0,29.0,1
30121214615508-r4229531-n911952_cleaned.parquet,32.0,30.0,1
30365990624605-r3117156-n139058_cleaned.parquet,27.0,27.0,1
3039714037523-r4327055-n136082_cleaned.parquet,32.0,30.0,1
30393593551621-r9189566-n976057_cleaned.parquet,31.0,30.0,1
30650864906613-r4179716-n386398_cleaned.parquet,33.0,30.0,1
30675262725697-r7343737-n386398_cleaned.parquet,31.0,29.0,8
30804125690020-r4327055-n136082_cleaned.parquet,28.0,27.0,2
31065980694089-r2582019-n976057_cleaned.parquet,38.0,36.0,1
31065980694089-r3041626-n386398_cleaned.parquet,32.0,31.0,1
31065980694089-r5189505-n386398_cleaned.parquet,35.0,34.666666666666664,1
31065980694089-r4229531-n386398_cleaned.parquet,37.0,36.0,1
31065980694089-r6760045-n976057_cleaned.parquet,36.0,34.0,1
31065980694089-r6760045-n43543_cleaned.parquet,35.0,34.0,1
31065980694089-r8937440-n386398_cleaned.parquet,36.0,34.0,1
30945071051927-r7217787-n911952_cleaned.parquet,30.0,30.0,1
3115546778520-r3226521-n976057_cleaned.parquet,29.0,30.0,1
31198462826549-r3879907-n139058_cleaned.parquet,28.0,27.0,1
3129402457780-r2582019-n911952_cleaned.parquet,31.0,29.0,1
30676564451555-r5573787-n976057_cleaned.parquet,30.0,28.0,1
30490577197655-r9192091-n851693_cleaned.parquet,31.0,29.0,1
31529203611189-r2100214-n976057_cleaned.parquet,27.0,26.555555555555557,1
29450663177769-r9555635-n136082_cleaned.parquet,28.0,26.0,1
31544054208355-r9720335-n911952_cleaned.parquet,33.0,30.2,1
3155195950672-r5189505-n386398_cleaned.parquet,31.333333333333332,31.0,2
31640909585840-r9192091-n976057_cleaned.parquet,29.0,27.0,1
31435446833202-r8937440-n976057_cleaned.parquet,38.0,37.0,1
31768400477419-r5189505-n851693_cleaned.parquet,32.0,30.0,1
3196089101141-r7217787-n976057_cleaned.parquet,32.0,30.666666666666668,1
3198575094101-r3475376-n136082_cleaned.parquet,30.0,28.0,1
3198575094101-r6760045-n43543_cleaned.parquet,28.0,27.0,1
31804108656973-r6760045-n386398_cleaned.parquet,30.0,30.0,1
3143179088246-r5189505-n851693_cleaned.parquet,28.11111111111111,25.0,2
31548676767384-r3041626-n685852_cleaned.parquet,28.0,27.0,2
32052039506206-r8642123-n976057_cleaned.parquet,35.0,34.0,1
31548676767384-r1682297-n685852_cleaned.parquet,29.0,27.0,2
31548676767384-r8937440-n685852_cleaned.parquet,30.77777777777778,28.0,2
31548676767384-r3226521-n685852_cleaned.parquet,32.0,30.0,3
32284550639549-r2100214-n851693_cleaned.parquet,31.0,29.1,1
32227283527522-r2652301-n685852_cleaned.parquet,34.0,30.0,1
32190323755376-r3741709-n685852_cleaned.parquet,32.0,30.0,2
32064259717759-r629115-n830961_cleaned.parquet,29.0,27.0,1
32457290668836-r5573787-n851693_cleaned.parquet,32.0,30.0,1
32417426233646-r5573787-n386398_cleaned.parquet,26.0,25.0,1
32549438572486-r4822976-n136082_cleaned.parquet,29.0,27.0,1
32556777942732-r7343737-n851693_cleaned.parquet,29.0,28.88888888888889,1
32585359263613-r9720335-n851693_cleaned.parquet,39.0,37.0,1
32673358506378-r9102715-n386398_cleaned.parquet,34.0,32.0,1
32770395513320-r2582019-n386398_cleaned.parquet,34.0,34.0,1
3240264122028-r3226521-n830961_cleaned.parquet,30.0,26.0,1
33076882030691-r9535192-n911952_cleaned.parquet,34.0,32.77777777777778,1
32815694679432-r6760045-n386398_cleaned.parquet,26.0,28.0,1
32927751534945-r7217787-n976057_cleaned.parquet,33.0,31.0,1
33358650748382-r4822976-n136082_cleaned.parquet,30.0,28.11111111111111,1
33310245872514-r3226521-n851693_cleaned.parquet,31.0,31.0,1
33543485772037-r8642123-n911952_cleaned.parquet,33.0,32.0,1
33520183968359-r8015356-n851693_cleaned.parquet,33.0,31.0,1
33530733924213-r8607415-n976057_cleaned.parquet,33.0,29.0,1
33665695536917-r2100214-n386398_cleaned.parquet,28.77777777777778,27.0,1
33670270239985-r3405251-n139058_cleaned.parquet,27.0,28.0,2
33680731731121-r8607415-n976057_cleaned.parquet,33.0,29.0,1
3383233553343-r5715171-n208530_cleaned.parquet,26.5,26.0,1
33748986009423-r9352821-n685852_cleaned.parquet,31.0,27.0,1
33919178635131-r8333645-n976057_cleaned.parquet,30.333333333333332,31.0,1
33484859483621-r3041626-n386398_cleaned.parquet,28.0,27.444444444444443,1
33578072518228-r3226521-n43543_cleaned.parquet,31.0,33.0,1
34108944848119-r9352821-n386398_cleaned.parquet,39.0,35.0,1
34483571765028-r1485405-n685852_cleaned.parquet,34.0,32.0,1
34483571765028-r7343737-n685852_cleaned.parquet,33.0,32.0,1
34483571765028-r9102715-n685852_cleaned.parquet,34.0,33.0,1
34485103962359-r3226521-n830961_cleaned.parquet,33.0,29.0,1
34483571765028-r9192091-n830961_cleaned.parquet,33.0,31.0,1
34040886082002-r4858666-n911952_cleaned.parquet,32.0,30.0,1
34642011660494-r629115-n830961_cleaned.parquet,34.0,35.0,1
34743055148421-r5189505-n386398_cleaned.parquet,28.0,29.0,1
32910231028240-r2100214-n911952_cleaned.parquet,29.0,29.0,14
34820317497386-r3226521-n43543_cleaned.parquet,32.0,33.0,2
34527556528880-r3041626-n851693_cleaned.parquet,30.22222222222222,28.0,11
33989094901125-r4229531-n386398_cleaned.parquet,28.0,28.0,8
34770835258624-r629115-n43543_cleaned.parquet,30.0,29.0,4
34827258812788-r1485405-n830961_cleaned.parquet,31.0,31.0,3
34827258812788-r7343737-n830961_cleaned.parquet,30.0,30.0,6
34914980189575-r629115-n911952_cleaned.parquet,29.0,30.0,1
34914980189575-r8333645-n911952_cleaned.parquet,29.0,29.1,1
34964717037327-r629115-n43543_cleaned.parquet,31.6,31.0,1
34914980189575-r9352821-n911952_cleaned.parquet,32.0,29.0,1
34996841817360-r9102715-n911952_cleaned.parquet,27.0,27.0,1
3512613012076-r1485405-n43543_cleaned.parquet,30.0,29.0,5
35133123056980-r8642123-n851693_cleaned.parquet,29.0,27.0,1
35838043962668-r4858666-n976057_cleaned.parquet,31.0,29.0,1
3598017418210-r6760045-n386398_cleaned.parquet,31.0,32.0,1
36237758440082-r5573787-n911952_cleaned.parquet,30.0,29.0,1
36247195716313-r1682297-n386398_cleaned.parquet,29.0,28.0,1
36113070472883-r2100214-n386398_cleaned.parquet,28.0,26.0,1
35992499355190-r4229531-n386398_cleaned.parquet,29.0,30.0,1
36309267508729-r9175025-n386398_cleaned.parquet,34.0,33.0,1
36457578425058-r1457839-n386398_cleaned.parquet,31.0,30.0,1
36457701466578-r629115-n830961_cleaned.parquet,33.77777777777778,32.0,1
36397185961333-r7343737-n976057_cleaned.parquet,31.0,30.0,2
36519339200581-r6272977-n386398_cleaned.parquet,36.0,34.0,1
36825587873561-r6272977-n386398_cleaned.parquet,36.0,34.0,1
3687120227407-r8579942-n208530_cleaned.parquet,32.22222222222222,31.0,1
36905135967323-r8579942-n208530_cleaned.parquet,31.0,29.88888888888889,1
36615433213169-r4858666-n851693_cleaned.parquet,30.0,29.0,3
36988277474179-r8015356-n386398_cleaned.parquet,27.0,27.0,1
37044457959062-r8062914-n139058_cleaned.parquet,29.0,26.0,1
37016596262731-r9189566-n851693_cleaned.parquet,27.0,26.0,15
37145465035047-r3405251-n139058_cleaned.parquet,29.0,28.0,1
34720512818386-r7343737-n43543_cleaned.parquet,31.0,29.0,2
37145845402253-r3041626-n685852_cleaned.parquet,31.0,28.666666666666668,1
36879524027581-r2100214-n976057_cleaned.parquet,29.0,28.0,220
37349404408458-r8015356-n851693_cleaned.parquet,25.0,26.0,1
37397146099627-r6760045-n911952_cleaned.parquet,31.0,30.0,1
3740057138214-r5130449-n139058_cleaned.parquet,32.77777777777778,32.0,1
3740057138214-r8062914-n139058_cleaned.parquet,33.0,30.0,1
37530587805108-r3741709-n43543_cleaned.parquet,33.0,32.0,2
37401013576747-r4179716-n911952_cleaned.parquet,29.0,25.0,1
3756309971692-r1682297-n830961_cleaned.parquet,37.0,35.0,12
37744284250740-r9720335-n911952_cleaned.parquet,33.0,30.0,3
37898563556279-r3226521-n830961_cleaned.parquet,39.0,35.0,1
37488649469681-r629115-n386398_cleaned.parquet,34.0,32.0,3
37936921853237-r9352821-n911952_cleaned.parquet,35.0,32.0,1
37983186248068-r9175025-n976057_cleaned.parquet,36.0,36.0,1
38083573167158-r9535192-n911952_cleaned.parquet,33.0,31.666666666666668,1
38092609309568-r5130449-n208530_cleaned.parquet,37.0,35.0,1
37900966908648-r8937440-n43543_cleaned.parquet,32.0,30.0,7
37900966908648-r3226521-n43543_cleaned.parquet,30.0,31.0,2
38004433785906-r6760045-n851693_cleaned.parquet,30.0,30.0,6
38218927015425-r9189566-n43543_cleaned.parquet,30.22222222222222,32.0,2
38443665990556-r7217787-n851693_cleaned.parquet,33.0,35.0,1
38555282695900-r9192091-n976057_cleaned.parquet,31.0,29.0,1
38218927015425-r2652301-n43543_cleaned.parquet,32.0,31.0,6
38473992112162-r6272977-n386398_cleaned.parquet,29.6,28.0,1
38580812240684-r5189505-n976057_cleaned.parquet,31.0,31.11111111111111,1
38623673825577-r4179716-n386398_cleaned.parquet,31.0,29.0,1
38706842661325-r9352821-n386398_cleaned.parquet,31.77777777777778,28.0,1
3880057490776-r5130449-n139058_cleaned.parquet,29.0,28.0,1
3880057490776-r6760045-n911952_cleaned.parquet,30.0,29.0,1
3880057490776-r9040233-n911952_cleaned.parquet,29.0,28.0,1
3880057490776-r8607415-n911952_cleaned.parquet,30.0,30.0,1
38841479080327-r4229531-n386398_cleaned.parquet,32.0,34.0,1
38921351329806-r8642123-n911952_cleaned.parquet,28.0,28.0,1
38966535057689-r3226521-n386398_cleaned.parquet,26.0,26.0,1
39026899248620-r9102715-n851693_cleaned.parquet,30.0,29.0,1
39243841204148-r6760045-n386398_cleaned.parquet,25.0,26.0,5
39296230232568-r8015356-n386398_cleaned.parquet,25.88888888888889,25.444444444444443,1
3935621269127-r9189566-n976057_cleaned.parquet,29.0,28.0,2
39405519458631-r9555635-n208530_cleaned.parquet,28.0,28.0,3
39459617471074-r9555635-n139058_cleaned.parquet,31.0,29.0,1
3929458441977-r4858666-n386398_cleaned.parquet,27.0,28.0,10
39606723959968-r629115-n911952_cleaned.parquet,31.0,32.0,1
39606723959968-r3741709-n911952_cleaned.parquet,33.0,31.0,1
39606723959968-r7343737-n685852_cleaned.parquet,31.0,31.0,2
39662986738875-r4229531-n976057_cleaned.parquet,32.0,31.0,1
39711313960704-r1485405-n386398_cleaned.parquet,30.0,26.0,23
39725077545878-r2652301-n911952_cleaned.parquet,30.0,29.0,1
39736651417912-r5573787-n386398_cleaned.parquet,28.0,27.0,1
39789114185258-r9555635-n208530_cleaned.parquet,29.0,28.0,1
39606723959968-r9189566-n851693_cleaned.parquet,31.0,30.0,1
39869704388781-r4327055-n208530_cleaned.parquet,25.0,28.0,4
39895079700697-r2998125-n208530_cleaned.parquet,31.0,28.22222222222222,1
39606723959968-r9102715-n851693_cleaned.parquet,32.0,31.333333333333332,1
40078502261553-r5573787-n911952_cleaned.parquet,31.0,29.0,1
40322203258866-r3226521-n685852_cleaned.parquet,34.0,31.666666666666668,1
40322203258866-r3741709-n911952_cleaned.parquet,34.0,32.0,1
40322203258866-r5189505-n976057_cleaned.parquet,33.0,31.0,1
39606723959968-r9352821-n911952_cleaned.parquet,34.0,31.11111111111111,1
40322203258866-r9192091-n976057_cleaned.parquet,35.0,32.888888888888886,1
40322203258866-r9352821-n911952_cleaned.parquet,36.0,33.0,1
40366156145083-r6272977-n976057_cleaned.parquet,32.0,28.88888888888889,1
40322203258866-r9555635-n136082_cleaned.parquet,33.0,31.0,1
40322203258866-r9720335-n851693_cleaned.parquet,35.0,33.888888888888886,1
40411838601868-r629115-n830961_cleaned.parquet,34.0,35.0,1
4040740733045-r1682297-n43543_cleaned.parquet,34.0,33.0,1
36684434973207-r2582019-n851693_cleaned.parquet,31.0,31.0,110
40730285152906-r5130449-n136082_cleaned.parquet,35.0,33.0,1
40578947769511-r2825489-n136082_cleaned.parquet,26.0,24.0,2
40646353041899-r4229531-n911952_cleaned.parquet,34.111111111111114,32.888888888888886,6
40658805810663-r629115-n43543_cleaned.parquet,29.0,28.0,2
40944857712875-r9102715-n386398_cleaned.parquet,33.0,31.0,1
40936439915890-r6272977-n976057_cleaned.parquet,34.0,30.0,7
40967239134537-r1457839-n386398_cleaned.parquet,29.0,28.0,14
41032593348475-r8939293-n136082_cleaned.parquet,29.0,29.0,1
35687073893793-r8015356-n976057_cleaned.parquet,25.0,29.0,8
4123260850703-r8015356-n851693_cleaned.parquet,29.0,29.0,1
41273323906952-r629115-n830961_cleaned.parquet,32.0,31.0,1
40817989162498-r5573787-n911952_cleaned.parquet,29.0,28.0,1
41497320319212-r8939293-n208530_cleaned.parquet,36.0,35.111111111111114,1
41525411029434-r9175025-n976057_cleaned.parquet,26.0,26.0,1
41534320079045-r4858666-n386398_cleaned.parquet,26.0,25.0,1
41595075465038-r1485405-n685852_cleaned.parquet,34.0,32.0,1
41595075465038-r6760045-n830961_cleaned.parquet,31.0,31.0,1
41595075465038-r7343737-n685852_cleaned.parquet,32.0,31.0,1
41420909026903-r3741709-n43543_cleaned.parquet,34.0,33.0,1
41595075465038-r9102715-n685852_cleaned.parquet,34.0,32.888888888888886,1
41595075465038-r9192091-n830961_cleaned.parquet,33.0,31.0,1
41554735028172-r8937440-n976057_cleaned.parquet,29.0,29.0,8
41617539383793-r3226521-n43543_cleaned.parquet,30.0,31.0,5
41615180588084-r8937440-n386398_cleaned.parquet,30.3,31.77777777777778,150
41807241124696-r3879907-n208530_cleaned.parquet,32.0,32.0,1
4193530061462-r4179716-n976057_cleaned.parquet,27.88888888888889,27.0,1
41909846857949-r3117156-n139058_cleaned.parquet,33.0,33.0,1
41762237561220-r1682297-n830961_cleaned.parquet,30.0,28.0,1
41566510550710-r7343737-n43543_cleaned.parquet,31.0,29.0,1
41762237561220-r3041626-n830961_cleaned.parquet,29.0,28.0,1
42073137595118-r5573787-n386398_cleaned.parquet,32.0,31.0,4
4193492786232-r2100214-n976057_cleaned.parquet,27.0,27.0,2
42237840590423-r5189505-n976057_cleaned.parquet,29.0,27.0,1
42038974520046-r4229531-n976057_cleaned.parquet,27.0,28.0,1
41965110057792-r3041626-n685852_cleaned.parquet,30.0,27.77777777777778,1
42332341956241-r4229531-n386398_cleaned.parquet,28.0,28.0,1
42419545182980-r8937440-n386398_cleaned.parquet,30.0,30.0,1
42596584340268-r6760045-n976057_cleaned.parquet,35.0,33.8,1
42752252956556-r9352821-n386398_cleaned.parquet,35.0,32.0,2
42417256945500-r2652301-n386398_cleaned.parquet,28.0,27.0,5
42646848452682-r9189566-n386398_cleaned.parquet,35.0,39.0,4
42944909316946-r8937440-n685852_cleaned.parquet,31.0,30.0,1
43025663888016-r3226521-n851693_cleaned.parquet,35.0,36.0,1
43025663888016-r629115-n830961_cleaned.parquet,33.0,32.0,1
43853700178579-r8333645-n976057_cleaned.parquet,38.0,36.0,1
43945064225171-r3741709-n911952_cleaned.parquet,35.0,33.0,1
43344346435715-r6760045-n43543_cleaned.parquet,34.0,33.0,1
42351308005184-r4858666-n911952_cleaned.parquet,35.0,33.0,4
44034755358382-r3226521-n851693_cleaned.parquet,30.0,31.0,1
44322447173666-r4858666-n386398_cleaned.parquet,26.0,25.0,1
44502539005167-r9102715-n976057_cleaned.parquet,31.0,32.0,1
44275626191894-r3117156-n208530_cleaned.parquet,28.0,28.0,4
44320996069194-r7217787-n911952_cleaned.parquet,31.0,31.0,1
44578006344913-r2100214-n851693_cleaned.parquet,30.75,28.0,1
44578006344913-r629115-n43543_cleaned.parquet,30.0,30.0,1
44578006344913-r8015356-n851693_cleaned.parquet,29.0,29.0,1
44578006344913-r8333645-n43543_cleaned.parquet,30.0,29.0,1
44578006344913-r8642123-n851693_cleaned.parquet,31.0,29.0,1
44578006344913-r9352821-n43543_cleaned.parquet,31.0,30.0,1
44608063583516-r4229531-n386398_cleaned.parquet,27.444444444444443,28.0,1
44578006344913-r9720335-n851693_cleaned.parquet,32.0,30.0,1
43881589642949-r5573787-n911952_cleaned.parquet,36.0,34.0,1
44932963542058-r9352821-n976057_cleaned.parquet,32.22222222222222,29.77777777777778,1
44911195502547-r3741709-n43543_cleaned.parquet,31.0,30.0,1
45121328787059-r9352821-n976057_cleaned.parquet,34.0,31.333333333333332,2
4510884124192-r1682297-n386398_cleaned.parquet,31.0,31.0,3
45191866624977-r629115-n851693_cleaned.parquet,28.0,26.0,1
45076253428548-r629115-n851693_cleaned.parquet,33.0,31.0,1
45070416367696-r9102715-n911952_cleaned.parquet,30.0,30.0,1
45293811679196-r1485405-n851693_cleaned.parquet,35.0,34.0,1
45293811679196-r8015356-n911952_cleaned.parquet,35.0,32.0,1
45293811679196-r8333645-n851693_cleaned.parquet,35.0,33.0,1
45293811679196-r8642123-n911952_cleaned.parquet,35.0,34.0,1
456241584140-r8062914-n139058_cleaned.parquet,28.0,25.0,1
45652134453600-r9720335-n911952_cleaned.parquet,29.0,26.0,1
45689221485438-r9102715-n386398_cleaned.parquet,33.0,31.0,1
4578786255176-r9352821-n43543_cleaned.parquet,33.666666666666664,32.0,1
45820747096313-r1457839-n911952_cleaned.parquet,35.0,34.0,1
45921553109026-r2100214-n976057_cleaned.parquet,33.888888888888886,36.0,1
4488491827774-r9535192-n976057_cleaned.parquet,30.0,29.0,294
45465068534728-r9192091-n685852_cleaned.parquet,33.0,29.0,7
46196754757565-r7217787-n386398_cleaned.parquet,33.0,30.0,2
46371951455420-r8333645-n386398_cleaned.parquet,33.0,32.0,1
46269292523610-r2100214-n911952_cleaned.parquet,27.875,28.0,1
45956463598763-r4822976-n136082_cleaned.parquet,27.88888888888889,26.0,1
46896620079797-r6272977-n386398_cleaned.parquet,34.55555555555556,33.0,1
46667618437351-r9555635-n139058_cleaned.parquet,29.0,28.0,2
45004053700780-r7217787-n386398_cleaned.parquet,32.0,30.0,1
46980887779731-r6760045-n386398_cleaned.parquet,33.0,34.0,1
46934216997157-r6760045-n976057_cleaned.parquet,29.0,28.0,2
46936916723574-r3041626-n386398_cleaned.parquet,26.0,26.0,1
40775182004249-r1457839-n976057_cleaned.parquet,27.0,27.0,1
47242111835791-r9352821-n976057_cleaned.parquet,33.0,30.0,1
47032598627139-r3879907-n139058_cleaned.parquet,30.0,28.0,1
47357262717585-r9555635-n139058_cleaned.parquet,29.0,27.0,1
47630234347579-r3405251-n139058_cleaned.parquet,31.0,30.88888888888889,1
47502994555957-r1485405-n685852_cleaned.parquet,32.22222222222222,31.0,2
47088066968389-r2582019-n851693_cleaned.parquet,33.0,30.0,2
47776856004783-r4327055-n208530_cleaned.parquet,30.0,31.0,1
47863868204468-r3117156-n139058_cleaned.parquet,30.0,30.0,2
48018919145884-r5189505-n685852_cleaned.parquet,31.0,30.0,2
48138078484680-r8333645-n830961_cleaned.parquet,33.0,30.5,1
48208289474722-r4858666-n386398_cleaned.parquet,28.88888888888889,30.0,5
48376829307109-r5573787-n976057_cleaned.parquet,27.555555555555557,26.0,1
48315481359134-r3041626-n976057_cleaned.parquet,26.0,25.0,27
48268124108207-r9102715-n386398_cleaned.parquet,32.0,29.0,4
48431546299156-r7343737-n976057_cleaned.parquet,32.0,30.0,1
48439101174548-r4229531-n851693_cleaned.parquet,32.0,30.0,1
48539348427131-r1485405-n43543_cleaned.parquet,31.0,30.0,1
48709789337513-r3041626-n911952_cleaned.parquet,32.0,33.0,1
48599822614945-r9175025-n851693_cleaned.parquet,26.0,26.0,1
48626260513569-r3741709-n851693_cleaned.parquet,35.0,34.888888888888886,1
48720887225590-r4858666-n976057_cleaned.parquet,34.0,31.0,2
48854681875339-r8642123-n851693_cleaned.parquet,29.0,28.0,1
48978880393296-r8015356-n386398_cleaned.parquet,28.0,28.0,1
4887230789167-r5130449-n136082_cleaned.parquet,30.0,28.0,1
49159400931014-r6760045-n851693_cleaned.parquet,30.0,29.0,1
49195722185290-r5573787-n976057_cleaned.parquet,27.0,25.0,1
49187500211482-r1457839-n386398_cleaned.parquet,26.0,25.0,6
4920615184682-r4179716-n976057_cleaned.parquet,29.7,29.0,1
46195407374287-r9720335-n911952_cleaned.parquet,40.0,40.0,1
49306755916409-r5573787-n976057_cleaned.parquet,33.0,32.0,1
49271893764345-r3041626-n851693_cleaned.parquet,35.0,33.0,1
49320520752645-r9192091-n976057_cleaned.parquet,30.0,28.0,3
49469208941720-r3226521-n685852_cleaned.parquet,33.0,33.0,1
49660820129935-r2582019-n911952_cleaned.parquet,38.0,36.0,1
49775540113783-r9192091-n976057_cleaned.parquet,34.0,31.0,1
49776220240942-r9102715-n911952_cleaned.parquet,34.0,33.0,1
49810907774158-r3041626-n685852_cleaned.parquet,29.5,27.444444444444443,1
49827386523753-r5573787-n386398_cleaned.parquet,27.0,26.0,1
5022036939427-r9175025-n976057_cleaned.parquet,36.77777777777778,37.0,1
50269821548686-r8579942-n136082_cleaned.parquet,35.0,32.111111111111114,1
50294010603361-r5573787-n911952_cleaned.parquet,33.0,32.0,1
49514765543606-r2652301-n830961_cleaned.parquet,37.0,36.0,1
50590983053409-r629115-n851693_cleaned.parquet,31.0,29.0,1
50529011404997-r1457839-n911952_cleaned.parquet,31.0,30.0,2
5050528391790-r8642123-n976057_cleaned.parquet,29.0,28.0,21
50334577123521-r3741709-n911952_cleaned.parquet,26.0,25.0,1
50786775972859-r9352821-n976057_cleaned.parquet,33.0,30.0,1
50694193104724-r1682297-n976057_cleaned.parquet,29.0,27.0,5
51115127258451-r9189566-n830961_cleaned.parquet,30.0,31.88888888888889,1
51138238496461-r3879907-n136082_cleaned.parquet,31.0,32.0,1
51150916665507-r8333645-n976057_cleaned.parquet,37.0,34.0,1
50465792478285-r9189566-n830961_cleaned.parquet,35.0,36.0,1
51418558495192-r9040233-n851693_cleaned.parquet,32.0,29.0,1
51512808588165-r9040233-n976057_cleaned.parquet,33.0,32.0,2
51612022255616-r9192091-n830961_cleaned.parquet,27.11111111111111,26.0,1
51369178943689-r629115-n911952_cleaned.parquet,25.0,26.0,1
51611139869707-r6760045-n43543_cleaned.parquet,27.0,26.0,4
51742883005021-r1485405-n851693_cleaned.parquet,34.0,33.0,1
51831425481023-r9102715-n976057_cleaned.parquet,31.0,32.0,1
5165055071941-r5573787-n386398_cleaned.parquet,30.0,29.0,12
52120585302924-r8579942-n208530_cleaned.parquet,28.0,27.0,1
52204935282461-r7217787-n830961_cleaned.parquet,33.0,30.0,1
52204935282461-r1682297-n43543_cleaned.parquet,31.0,30.0,1
52204935282461-r1682297-n685852_cleaned.parquet,32.0,29.0,1
52204935282461-r9555635-n139058_cleaned.parquet,31.0,29.0,1
52264813552551-r629115-n851693_cleaned.parquet,31.0,29.0,1
52519358650146-r4822976-n139058_cleaned.parquet,28.0,26.0,5
52562481076916-r7343737-n976057_cleaned.parquet,34.77777777777778,33.0,1
5253215591279-r6760045-n976057_cleaned.parquet,29.0,28.0,5
52627006085999-r7343737-n851693_cleaned.parquet,33.0,32.0,1
52568275218737-r1682297-n386398_cleaned.parquet,28.0,25.0,1
52543525219525-r1682297-n685852_cleaned.parquet,27.0,24.0,29
52708541259051-r6760045-n43543_cleaned.parquet,31.0,29.0,1
53046220862176-r2652301-n43543_cleaned.parquet,35.0,34.0,6
53046220862176-r1682297-n43543_cleaned.parquet,34.0,33.0,7
53046220862176-r3041626-n43543_cleaned.parquet,36.0,34.0,1
53049775578636-r2825489-n139058_cleaned.parquet,30.88888888888889,28.0,7
53046220862176-r5189505-n43543_cleaned.parquet,35.0,34.0,7
51508510320486-r1457839-n851693_cleaned.parquet,29.0,27.0,38
53218017770020-r9189566-n830961_cleaned.parquet,28.0,29.666666666666668,1
53160225566853-r3226521-n851693_cleaned.parquet,30.0,30.0,3
53357592529763-r5715171-n139058_cleaned.parquet,31.0,29.0,1
53426836415983-r6272977-n911952_cleaned.parquet,32.0,32.1,1
53551998260789-r1682297-n830961_cleaned.parquet,32.0,30.0,1
53552721664578-r8937440-n386398_cleaned.parquet,26.0,25.0,1
53046220862176-r9189566-n43543_cleaned.parquet,34.0,34.888888888888886,8
53046220862176-r8937440-n43543_cleaned.parquet,37.0,35.0,7
5396587402651-r8642123-n386398_cleaned.parquet,29.0,28.0,6
5406852717506-r1682297-n43543_cleaned.parquet,27.0,26.0,1
54149471790775-r9535192-n911952_cleaned.parquet,31.0,29.0,1
53990826254080-r3741709-n851693_cleaned.parquet,29.0,28.0,1
54111807979969-r8333645-n386398_cleaned.parquet,30.0,28.0,3
54254394130610-r5573787-n976057_cleaned.parquet,26.625,25.0,1
54142916287273-r9189566-n43543_cleaned.parquet,34.0,32.0,1
536926389763-r3879907-n139058_cleaned.parquet,31.0,30.0,1
54349246395451-r6272977-n976057_cleaned.parquet,32.0,28.0,1
5445837242651-r5189505-n976057_cleaned.parquet,28.0,26.0,2
54460226684868-r1457839-n911952_cleaned.parquet,29.0,28.0,1
54586980550972-r8937440-n386398_cleaned.parquet,33.666666666666664,33.0,1
53899852083335-r8939293-n136082_cleaned.parquet,26.77777777777778,26.0,1
54550384736012-r1682297-n386398_cleaned.parquet,24.0,24.0,1
54246991572239-r1457839-n386398_cleaned.parquet,25.0,25.0,1
53046220862176-r9192091-n43543_cleaned.parquet,36.0,34.0,7
54790277022426-r7217787-n386398_cleaned.parquet,33.0,32.888888888888886,4
54900362140093-r9352821-n43543_cleaned.parquet,31.0,28.0,3
5525091788979-r3879907-n139058_cleaned.parquet,33.0,32.0,1
551318316089-r5189505-n386398_cleaned.parquet,32.0,32.888888888888886,2
54595428457080-r3475376-n136082_cleaned.parquet,37.0,31.4,1
55147655792714-r9192091-n911952_cleaned.parquet,30.0,30.0,9
55341688785592-r1485405-n830961_cleaned.parquet,29.0,29.0,1
55341688785592-r3741709-n830961_cleaned.parquet,30.0,30.0,1
55341688785592-r8333645-n830961_cleaned.parquet,31.0,29.0,1
55341688785592-r8937440-n43543_cleaned.parquet,29.77777777777778,28.0,1
55311708775261-r1682297-n976057_cleaned.parquet,28.0,26.0,6
55396833922115-r8939293-n136082_cleaned.parquet,28.0,29.0,4
55736607335479-r2998125-n208530_cleaned.parquet,36.0,33.0,1
55777050164368-r8939293-n208530_cleaned.parquet,29.0,30.0,1
55777050164368-r9555635-n208530_cleaned.parquet,30.0,29.0,1
55904768260856-r8937440-n976057_cleaned.parquet,28.0,28.0,1
56102544644882-r2652301-n685852_cleaned.parquet,31.88888888888889,28.0,1
56154200252460-r1485405-n851693_cleaned.parquet,30.0,29.0,1
56079359671624-r9192091-n43543_cleaned.parquet,34.0,32.0,1
56138311165691-r5573787-n911952_cleaned.parquet,29.0,28.0,1
56305248018805-r9102715-n976057_cleaned.parquet,27.0,28.0,1
56167870448194-r2652301-n830961_cleaned.parquet,30.0,29.0,10
54903138220654-r7217787-n851693_cleaned.parquet,36.0,35.0,1
56264059689347-r9102715-n976057_cleaned.parquet,28.0,29.0,1
56464460191295-r4858666-n386398_cleaned.parquet,28.666666666666668,28.0,1
56396652007398-r1485405-n851693_cleaned.parquet,31.0,31.0,5
56339300484904-r8607415-n386398_cleaned.parquet,30.0,31.0,1
5671077574800-r4179716-n386398_cleaned.parquet,30.77777777777778,28.0,1
56741793977638-r6272977-n851693_cleaned.parquet,28.0,26.0,1
5674863451385-r1457839-n976057_cleaned.parquet,30.0,30.0,1
56776244208298-r6272977-n851693_cleaned.parquet,29.22222222222222,28.0,1
56560009152628-r9102715-n911952_cleaned.parquet,32.888888888888886,32.0,15
56784235222455-r9175025-n851693_cleaned.parquet,32.0,33.0,1
56858287160949-r6272977-n976057_cleaned.parquet,32.0,28.333333333333332,1
56663805218240-r9175025-n976057_cleaned.parquet,32.0,32.0,1
56708172425330-r9175025-n911952_cleaned.parquet,32.0,32.0,1
56920940578874-r8939293-n208530_cleaned.parquet,25.0,25.88888888888889,1
56929929259977-r9040233-n911952_cleaned.parquet,27.88888888888889,27.0,2
57098303478808-r7343737-n976057_cleaned.parquet,33.0,31.0,2
56894251607282-r1457839-n976057_cleaned.parquet,28.0,30.0,3
5731268335817-r3741709-n43543_cleaned.parquet,34.0,33.0,1
5731268335817-r4858666-n43543_cleaned.parquet,34.0,33.0,1
5731268335817-r629115-n43543_cleaned.parquet,33.0,33.0,1
5731268335817-r7343737-n43543_cleaned.parquet,37.0,35.0,1
5731268335817-r8333645-n43543_cleaned.parquet,33.0,32.0,1
5731268335817-r9102715-n43543_cleaned.parquet,35.0,36.625,1
5731268335817-r9352821-n43543_cleaned.parquet,35.0,33.0,1
57357044430240-r3041626-n685852_cleaned.parquet,30.666666666666668,29.0,2
56977122842389-r3041626-n830961_cleaned.parquet,30.88888888888889,31.0,1
57408419998241-r3226521-n976057_cleaned.parquet,28.0,30.0,6
57353434850910-r5130449-n139058_cleaned.parquet,25.0,25.0,1
57408419998241-r9192091-n976057_cleaned.parquet,31.0,29.0,2
57691452568269-r4229531-n976057_cleaned.parquet,34.0,34.0,1
57561365574301-r2652301-n851693_cleaned.parquet,33.0,34.0,1
56713215281940-r9535192-n911952_cleaned.parquet,28.88888888888889,27.0,1
578552804018-r4229531-n851693_cleaned.parquet,29.0,28.0,1
54126566828193-r9040233-n386398_cleaned.parquet,28.0,27.6,5
5811823795065-r1485405-n976057_cleaned.parquet,31.0,29.0,1
58179513618273-r9535192-n911952_cleaned.parquet,28.0,26.0,1
57994958843130-r9352821-n851693_cleaned.parquet,31.0,29.444444444444443,2
58110815329373-r2652301-n685852_cleaned.parquet,32.0,28.0,2
5834973498222-r3041626-n976057_cleaned.parquet,28.0,27.0,1
5884788118235-r9189566-n976057_cleaned.parquet,29.0,27.0,1
58329836150088-r3041626-n830961_cleaned.parquet,31.0,30.0,1
58821727585191-r6272977-n851693_cleaned.parquet,28.11111111111111,27.0,2
58973452071158-r4229531-n851693_cleaned.parquet,32.333333333333336,31.0,1
58983051570120-r1682297-n386398_cleaned.parquet,25.0,25.0,1
5893371878864-r5189505-n685852_cleaned.parquet,31.0,30.0,12
59025977979793-r1457839-n386398_cleaned.parquet,26.22222222222222,26.0,6
59025977979793-r3741709-n851693_cleaned.parquet,34.0,33.0,2
59058586500363-r9102715-n43543_cleaned.parquet,30.0,31.1,1
58758704398257-r3226521-n386398_cleaned.parquet,28.0,29.0,1
59256562408696-r3117156-n136082_cleaned.parquet,36.0,34.0,2
59256562408696-r3041626-n43543_cleaned.parquet,34.0,33.0,2
58564467060702-r3041626-n685852_cleaned.parquet,30.0,26.333333333333332,1
59256562408696-r5715171-n208530_cleaned.parquet,37.0,36.5,1
59413768313574-r3741709-n43543_cleaned.parquet,32.666666666666664,31.0,15
59256562408696-r8062914-n208530_cleaned.parquet,37.0,37.0,2
59413768313574-r8333645-n43543_cleaned.parquet,32.0,30.88888888888889,15
59256562408696-r8579942-n208530_cleaned.parquet,34.0,33.0,2
59519307072715-r8333645-n851693_cleaned.parquet,36.0,33.0,1
59573631544858-r8579942-n139058_cleaned.parquet,31.0,30.0,1
59655049713760-r5715171-n139058_cleaned.parquet,28.0,27.0,1
5959691447879-r8015356-n851693_cleaned.parquet,36.0,35.0,1
59753046626469-r4858666-n43543_cleaned.parquet,33.0,31.625,2
59881764127236-r4229531-n386398_cleaned.parquet,35.0,36.0,1
59884653423251-r2582019-n851693_cleaned.parquet,32.0,29.0,1
59804208630978-r7343737-n851693_cleaned.parquet,27.0,29.0,4
59998503819887-r9189566-n830961_cleaned.parquet,28.77777777777778,30.0,1
59485510802940-r3741709-n830961_cleaned.parquet,33.0,33.0,1
60236646742063-r2998125-n136082_cleaned.parquet,31.0,33.0,1
60276257942-r9720335-n976057_cleaned.parquet,28.0,26.0,1
60285753936455-r6760045-n976057_cleaned.parquet,29.0,28.0,1
59485510802940-r629115-n830961_cleaned.parquet,31.11111111111111,30.0,2
60390316871143-r4229531-n386398_cleaned.parquet,28.0,28.0,1
59485510802940-r4858666-n830961_cleaned.parquet,33.0,30.0,1
60544882807409-r5715171-n139058_cleaned.parquet,27.0,26.0,1
59485510802940-r9352821-n830961_cleaned.parquet,33.0,34.0,1
60798346747052-r1485405-n851693_cleaned.parquet,30.0,29.88888888888889,1
60531453121424-r5130449-n208530_cleaned.parquet,28.0,26.0,3
60642613342357-r629115-n43543_cleaned.parquet,29.0,29.0,1
60920145094881-r1682297-n386398_cleaned.parquet,28.0,30.0,1
60812738911934-r3741709-n851693_cleaned.parquet,32.0,31.0,2
61048048099010-r4229531-n976057_cleaned.parquet,34.0,34.0,1
61048048099010-r9040233-n976057_cleaned.parquet,34.0,33.0,1
6105540016964-r6760045-n911952_cleaned.parquet,31.0,30.0,1
60560459226636-r9352821-n976057_cleaned.parquet,37.0,35.0,1
60782692811627-r4179716-n386398_cleaned.parquet,30.0,28.0,2
61139360971044-r8015356-n851693_cleaned.parquet,32.0,31.88888888888889,1
61223182584619-r1682297-n386398_cleaned.parquet,31.0,30.11111111111111,1
6118985555359-r4179716-n911952_cleaned.parquet,30.0,28.0,1
61263767158706-r4229531-n386398_cleaned.parquet,29.444444444444443,30.0,1
61349464191484-r629115-n830961_cleaned.parquet,33.0,32.0,1
61708725095726-r5189505-n386398_cleaned.parquet,28.0,29.0,1
61359770185312-r3041626-n830961_cleaned.parquet,27.0,26.0,5
61892735709182-r8062914-n136082_cleaned.parquet,41.0,39.0,1
61892735709182-r8062914-n208530_cleaned.parquet,41.0,40.0,1
61996794518994-r629115-n386398_cleaned.parquet,28.0,29.0,1
6204031890021-r4822976-n139058_cleaned.parquet,28.0,26.0,1
62202643201592-r2998125-n208530_cleaned.parquet,35.0,33.0,1
61893571153120-r9175025-n911952_cleaned.parquet,28.0,30.0,9
62213859914085-r8333645-n976057_cleaned.parquet,31.0,29.0,1
6243839093594-r3741709-n851693_cleaned.parquet,33.0,32.0,2
62447642837259-r629115-n830961_cleaned.parquet,34.0,32.8,1
61636955382208-r4822976-n208530_cleaned.parquet,33.0,30.0,1
61806336365566-r8333645-n386398_cleaned.parquet,26.0,27.0,335
6056984147759-r3041626-n43543_cleaned.parquet,32.0,30.0,2
62651494297104-r7217787-n911952_cleaned.parquet,30.0,30.0,5
62747589824783-r3041626-n43543_cleaned.parquet,26.0,25.0,1
62871459895705-r2582019-n851693_cleaned.parquet,32.0,29.0,1
62696601144526-r2582019-n976057_cleaned.parquet,35.0,34.0,1
6312715221660-r9189566-n911952_cleaned.parquet,31.0,28.444444444444443,1
62879807630065-r4229531-n386398_cleaned.parquet,29.0,28.0,4
63334001687333-r1457839-n976057_cleaned.parquet,35.0,34.0,1
63082821512938-r3041626-n851693_cleaned.parquet,33.77777777777778,33.0,1
6339149563906-r2100214-n911952_cleaned.parquet,26.0,27.0,1
63246255868051-r2652301-n911952_cleaned.parquet,30.0,30.0,1
63345618895480-r9189566-n976057_cleaned.parquet,29.0,28.0,2
63761743752191-r4229531-n911952_cleaned.parquet,33.0,31.0,1
6377697401939-r9102715-n386398_cleaned.parquet,33.0,31.125,1
63740390814408-r1682297-n43543_cleaned.parquet,31.0,30.0,1
63977684293831-r3879907-n139058_cleaned.parquet,32.6,34.0,1
64034938079072-r1485405-n830961_cleaned.parquet,36.0,36.0,1
64034938079072-r3741709-n830961_cleaned.parquet,36.0,36.0,1
64034938079072-r8333645-n830961_cleaned.parquet,37.0,36.0,1
64100882403122-r9189566-n976057_cleaned.parquet,27.0,26.0,3
63739534625170-r9192091-n685852_cleaned.parquet,30.0,28.0,1
64388280131579-r9189566-n685852_cleaned.parquet,27.0,26.0,1
64450375855296-r9189566-n976057_cleaned.parquet,29.0,28.0,1
64453268767451-r9102715-n830961_cleaned.parquet,31.0,30.11111111111111,1
64475711534571-r8937440-n976057_cleaned.parquet,29.0,29.0,1
6389477483930-r2652301-n386398_cleaned.parquet,33.0,31.0,1
64822265019454-r5715171-n139058_cleaned.parquet,28.0,26.666666666666668,1
64080446467840-r6760045-n976057_cleaned.parquet,32.0,30.666666666666668,1
64957309608724-r6760045-n830961_cleaned.parquet,30.0,31.0,3
64992192930336-r9040233-n851693_cleaned.parquet,34.0,31.0,4
65038137379940-r9192091-n976057_cleaned.parquet,28.0,26.0,1
6491727067898-r8015356-n851693_cleaned.parquet,25.0,27.0,4
64905994048590-r6272977-n976057_cleaned.parquet,32.3,29.0,1
65226498763009-r8939293-n139058_cleaned.parquet,33.0,29.0,1
65267311728137-r9189566-n386398_cleaned.parquet,38.0,42.0,1
65342222835636-r7343737-n976057_cleaned.parquet,31.0,30.0,1
65167897881100-r3226521-n911952_cleaned.parquet,29.0,30.0,11
65512600894374-r2100214-n911952_cleaned.parquet,27.77777777777778,29.0,5
65034451302424-r2652301-n976057_cleaned.parquet,28.0,28.555555555555557,1
6555776786375-r6760045-n386398_cleaned.parquet,29.0,30.0,2
64242192168867-r3226521-n830961_cleaned.parquet,31.666666666666668,28.0,1
63849872946423-r3475376-n208530_cleaned.parquet,34.0,32.0,125
65815353122500-r8607415-n976057_cleaned.parquet,26.0,23.0,2
65833860465986-r7217787-n851693_cleaned.parquet,27.0,27.0,5
65962645988121-r9192091-n851693_cleaned.parquet,35.0,33.0,1
65862498744176-r5715171-n208530_cleaned.parquet,32.8,30.0,1
66030777852365-r3475376-n208530_cleaned.parquet,32.0,31.0,1
65896842916804-r2652301-n911952_cleaned.parquet,35.0,33.0,1
66069750984289-r2582019-n386398_cleaned.parquet,37.111111111111114,35.0,1
66113622274072-r2652301-n386398_cleaned.parquet,29.0,27.0,1
65815134001312-r4822976-n139058_cleaned.parquet,29.0,27.0,1
66037875517927-r1682297-n386398_cleaned.parquet,31.0,30.0,4
66149328255061-r2652301-n43543_cleaned.parquet,32.111111111111114,32.0,16
66149328255061-r9189566-n43543_cleaned.parquet,31.0,32.888888888888886,15
6633110175216-r2100214-n851693_cleaned.parquet,33.0,31.0,1
66139753487127-r6760045-n976057_cleaned.parquet,29.0,27.0,13
66451385459339-r9720335-n911952_cleaned.parquet,38.0,37.0,1
66475319380917-r6760045-n830961_cleaned.parquet,29.0,30.0,2
66442881875605-r9189566-n830961_cleaned.parquet,28.0,30.0,1
66572600616818-r9102715-n976057_cleaned.parquet,28.0,29.0,1
66329702504071-r1682297-n685852_cleaned.parquet,33.0,29.77777777777778,1
66492339265054-r1485405-n911952_cleaned.parquet,36.0,34.0,1
66631851473543-r4858666-n911952_cleaned.parquet,36.0,34.0,1
66492339265054-r629115-n43543_cleaned.parquet,31.0,31.0,1
66329702504071-r6760045-n685852_cleaned.parquet,32.0,30.0,6
66353361579872-r3475376-n139058_cleaned.parquet,38.55555555555556,38.0,1
66714095336105-r6272977-n386398_cleaned.parquet,29.0,28.0,1
66807981951218-r8642123-n911952_cleaned.parquet,35.0,34.0,1
66999407963677-r7217787-n386398_cleaned.parquet,32.888888888888886,31.0,3
6700853192152-r8642123-n911952_cleaned.parquet,28.0,28.0,1
6710740835249-r6272977-n976057_cleaned.parquet,34.0,30.0,1
67144140736020-r1457839-n386398_cleaned.parquet,25.0,25.0,1
67199342511781-r1682297-n830961_cleaned.parquet,34.0,32.0,1
6715523594881-r8939293-n139058_cleaned.parquet,25.88888888888889,22.0,1
6715523594881-r5130449-n139058_cleaned.parquet,25.0,25.0,1
67315756730131-r9192091-n830961_cleaned.parquet,32.0,30.0,1
67229780527507-r8939293-n208530_cleaned.parquet,26.0,26.0,2
67440756183240-r5189505-n830961_cleaned.parquet,26.0,26.0,1
67456420299918-r9189566-n976057_cleaned.parquet,28.0,27.0,1
67632843806757-r3475376-n136082_cleaned.parquet,31.0,29.0,1
67692091908834-r3041626-n976057_cleaned.parquet,30.0,28.0,1
67695250656225-r9040233-n851693_cleaned.parquet,28.0,26.0,1
67307316550576-r5573787-n911952_cleaned.parquet,31.0,30.0,1
67827602524527-r9352821-n43543_cleaned.parquet,30.0,29.0,1
6778496862447-r8642123-n976057_cleaned.parquet,31.0,29.555555555555557,2
67511668122191-r1682297-n830961_cleaned.parquet,34.0,32.0,1
6795814857213-r7343737-n685852_cleaned.parquet,31.0,31.0,1
6795814857213-r9102715-n685852_cleaned.parquet,32.0,31.0,6
68208429206638-r8333645-n911952_cleaned.parquet,33.0,33.0,2
68220220016922-r9189566-n976057_cleaned.parquet,28.0,27.0,1
68267070620066-r3879907-n208530_cleaned.parquet,37.0,36.0,2
68288571588268-r9189566-n386398_cleaned.parquet,35.0,39.0,1
68386086936110-r5130449-n208530_cleaned.parquet,25.0,23.11111111111111,1
6811902449892-r8333645-n386398_cleaned.parquet,28.0,29.0,17
68360114972399-r6760045-n851693_cleaned.parquet,37.0,37.0,1
68400697947514-r9352821-n386398_cleaned.parquet,33.0,29.0,1
68567551747427-r8333645-n386398_cleaned.parquet,29.0,28.88888888888889,1
68599350912143-r9189566-n976057_cleaned.parquet,29.0,28.0,1
67865182089817-r9192091-n43543_cleaned.parquet,27.0,25.22222222222222,8
68831671559087-r8015356-n911952_cleaned.parquet,28.0,25.11111111111111,1
68679755764980-r2100214-n976057_cleaned.parquet,31.0,30.0,6
68844552501361-r4327055-n139058_cleaned.parquet,27.0,28.0,4
69024752470231-r9535192-n386398_cleaned.parquet,31.0,30.0,1
69111825844192-r5189505-n386398_cleaned.parquet,28.0,29.0,1
69129162271448-r9175025-n911952_cleaned.parquet,32.888888888888886,32.888888888888886,1
69138388341855-r9040233-n911952_cleaned.parquet,35.0,34.0,1
69434149236512-r5715171-n139058_cleaned.parquet,30.0,29.0,1
69076122896643-r4229531-n976057_cleaned.parquet,28.0,28.0,1
69415824895770-r8642123-n851693_cleaned.parquet,38.0,37.0,1
69596528005748-r2100214-n911952_cleaned.parquet,26.0,27.0,2
69679541386412-r7217787-n43543_cleaned.parquet,33.0,32.0,1
69707351664751-r9720335-n851693_cleaned.parquet,34.0,33.0,6
69741729879603-r9102715-n976057_cleaned.parquet,29.0,30.0,1
69962947222815-r5573787-n386398_cleaned.parquet,33.0,32.0,1
69963599487200-r4822976-n136082_cleaned.parquet,29.0,27.0,2
69452976652322-r6760045-n976057_cleaned.parquet,34.0,32.0,1
70126559947408-r4858666-n911952_cleaned.parquet,33.0,31.6,1
70104482817254-r9535192-n976057_cleaned.parquet,34.0,34.0,1
6844920145438-r8937440-n911952_cleaned.parquet,34.0,31.0,11
70422582738411-r8939293-n208530_cleaned.parquet,29.0,29.0,1
70193097781399-r8939293-n136082_cleaned.parquet,32.0,31.0,6
70503555903287-r5130449-n139058_cleaned.parquet,24.0,24.0,1
70442946324475-r4179716-n851693_cleaned.parquet,30.0,29.0,11
70587551205373-r5573787-n911952_cleaned.parquet,29.0,27.88888888888889,1
70610857125356-r9352821-n386398_cleaned.parquet,35.0,31.0,1
70467320810829-r5189505-n685852_cleaned.parquet,31.88888888888889,31.0,1
71018479723238-r9192091-n43543_cleaned.parquet,32.0,31.0,4
71103730932883-r5715171-n136082_cleaned.parquet,28.11111111111111,27.0,1
71065548652318-r9102715-n911952_cleaned.parquet,30.0,28.0,4
71200927492969-r1457839-n386398_cleaned.parquet,30.0,30.0,4
71291159139896-r3741709-n976057_cleaned.parquet,39.0,36.0,1
71271471946134-r9192091-n851693_cleaned.parquet,32.1,31.0,1
71468636023298-r6272977-n976057_cleaned.parquet,31.0,28.0,1
71474568351568-r3226521-n976057_cleaned.parquet,29.0,31.0,1
71474568351568-r3741709-n830961_cleaned.parquet,33.0,33.0,1
71474568351568-r4858666-n830961_cleaned.parquet,32.0,29.0,1
71474568351568-r5573787-n911952_cleaned.parquet,32.0,31.0,1
71474568351568-r629115-n830961_cleaned.parquet,32.0,31.0,1
71474568351568-r8937440-n976057_cleaned.parquet,32.0,31.0,1
71474568351568-r9352821-n830961_cleaned.parquet,33.0,34.0,1
71474568351568-r9720335-n911952_cleaned.parquet,35.0,32.0,1
7165386621075-r1457839-n976057_cleaned.parquet,28.0,28.0,1
71427999588750-r9040233-n976057_cleaned.parquet,29.0,28.0,1
71734354836925-r4858666-n685852_cleaned.parquet,32.111111111111114,32.0,1
71218341457739-r2100214-n976057_cleaned.parquet,29.0,31.0,421
71715944967493-r7217787-n386398_cleaned.parquet,32.0,30.0,3
72318612230029-r1485405-n911952_cleaned.parquet,30.0,27.0,1
72278878349865-r6272977-n976057_cleaned.parquet,29.0,25.0,1
72476781452376-r2652301-n830961_cleaned.parquet,34.0,33.1,1
72476781452376-r9189566-n830961_cleaned.parquet,31.0,32.55555555555556,1
72572297827149-r8015356-n976057_cleaned.parquet,24.0,26.0,1
72735174731798-r9102715-n685852_cleaned.parquet,35.888888888888886,35.0,1
72818523969761-r8607415-n911952_cleaned.parquet,27.0,27.0,1
71067131182368-r8642123-n976057_cleaned.parquet,30.0,29.0,2
73050340826949-r3226521-n685852_cleaned.parquet,32.0,29.0,3
72947672763096-r8062914-n139058_cleaned.parquet,31.0,26.0,1
73119218170635-r9192091-n830961_cleaned.parquet,34.0,33.0,1
72590246023730-r5189505-n976057_cleaned.parquet,35.0,33.0,1
73235241671597-r1682297-n43543_cleaned.parquet,32.0,32.0,2
73266657991629-r8062914-n139058_cleaned.parquet,28.0,25.0,1
73273791479279-r2652301-n976057_cleaned.parquet,30.22222222222222,29.22222222222222,1
73220853850528-r8937440-n830961_cleaned.parquet,33.0,33.6,6
73373299227106-r4179716-n911952_cleaned.parquet,33.0,31.0,1
73475372093262-r8939293-n139058_cleaned.parquet,31.0,27.0,1
73540497026661-r6272977-n976057_cleaned.parquet,31.0,27.0,1
73553401933628-r2100214-n911952_cleaned.parquet,26.0,27.0,1
73515050786649-r6760045-n43543_cleaned.parquet,32.0,31.0,1
73397227628576-r8333645-n851693_cleaned.parquet,27.0,25.0,1
73548710220830-r8607415-n976057_cleaned.parquet,33.0,30.0,1
73800607327296-r8015356-n911952_cleaned.parquet,34.0,31.0,1
73652922667341-r629115-n386398_cleaned.parquet,28.0,27.0,6
74128788973490-r1682297-n911952_cleaned.parquet,30.0,29.0,1
74198539787437-r4858666-n386398_cleaned.parquet,38.0,33.0,1
74045113699050-r8015356-n851693_cleaned.parquet,26.0,26.0,1
74226191798726-r3041626-n911952_cleaned.parquet,34.0,35.0,1
74377936480066-r9352821-n386398_cleaned.parquet,29.666666666666668,26.0,1
74540371192965-r1485405-n911952_cleaned.parquet,33.0,29.0,2
74413157942739-r4179716-n976057_cleaned.parquet,30.0,29.77777777777778,1
743736854800-r8579942-n208530_cleaned.parquet,30.0,29.0,2
74278928990160-r5573787-n976057_cleaned.parquet,26.0,26.0,1
74842926410703-r1485405-n386398_cleaned.parquet,32.0,29.0,1
75057629622572-r9189566-n976057_cleaned.parquet,30.0,30.11111111111111,1
75120718212305-r8062914-n139058_cleaned.parquet,30.0,29.666666666666668,1
74938182906998-r8642123-n976057_cleaned.parquet,31.0,30.0,1
75420001608639-r2652301-n911952_cleaned.parquet,29.0,28.0,2
75481439214905-r8607415-n386398_cleaned.parquet,30.0,30.666666666666668,1
75510172506776-r2652301-n386398_cleaned.parquet,29.0,27.0,1
75464539822921-r3741709-n851693_cleaned.parquet,35.0,33.0,1
75637362676627-r8937440-n386398_cleaned.parquet,32.0,30.0,1
75727040369415-r6760045-n911952_cleaned.parquet,35.0,34.0,1
75464539822921-r8333645-n851693_cleaned.parquet,33.0,31.0,1
75852605109064-r4179716-n851693_cleaned.parquet,33.0,32.0,1
76116122703486-r1485405-n976057_cleaned.parquet,30.0,29.0,1
7618508736651-r3041626-n43543_cleaned.parquet,32.0,31.0,1
7594414374682-r9352821-n685852_cleaned.parquet,31.0,27.0,5
76276771894694-r629115-n830961_cleaned.parquet,35.0,34.0,1
76346345685754-r9352821-n43543_cleaned.parquet,29.0,28.0,1
76496037359110-r2652301-n685852_cleaned.parquet,35.0,31.0,2
76524255503726-r3475376-n136082_cleaned.parquet,28.0,26.0,1
76282375840442-r9040233-n851693_cleaned.parquet,33.0,30.0,1
76249316756554-r8015356-n911952_cleaned.parquet,30.0,26.77777777777778,1
76616860067627-r8607415-n976057_cleaned.parquet,32.0,28.0,2
76768059096697-r1682297-n685852_cleaned.parquet,30.0,27.0,2
76602875270762-r8333645-n386398_cleaned.parquet,27.0,26.0,1
76908426868746-r9040233-n911952_cleaned.parquet,34.0,33.0,1
76795662563077-r9352821-n830961_cleaned.parquet,33.0,34.0,1
77093109511987-r9720335-n911952_cleaned.parquet,29.0,26.333333333333332,1
77414484470120-r3226521-n43543_cleaned.parquet,33.0,35.0,2
77260968241695-r6272977-n851693_cleaned.parquet,32.0,31.0,6
77491762863923-r629115-n386398_cleaned.parquet,32.0,29.666666666666668,1
77685692909528-r7343737-n976057_cleaned.parquet,31.0,29.88888888888889,1
77813881348407-r8642123-n851693_cleaned.parquet,29.0,28.0,2
76948503565842-r3405251-n139058_cleaned.parquet,27.0,24.0,5
7812041524710-r7217787-n43543_cleaned.parquet,34.4,30.77777777777778,1
7776674445423-r2825489-n208530_cleaned.parquet,29.0,26.0,1
76613905713479-r5189505-n386398_cleaned.parquet,30.444444444444443,29.0,13
78251677333590-r9352821-n43543_cleaned.parquet,30.666666666666668,29.0,1
77871475491235-r9535192-n976057_cleaned.parquet,27.0,28.0,1
78357912217584-r8015356-n851693_cleaned.parquet,25.0,26.0,1
78431405125636-r9720335-n911952_cleaned.parquet,37.0,33.0,1
78117944089251-r629115-n851693_cleaned.parquet,32.0,29.0,1
78546283907759-r9720335-n386398_cleaned.parquet,32.0,27.0,1
78567189799892-r1682297-n43543_cleaned.parquet,32.0,31.0,1
78567189799892-r1682297-n685852_cleaned.parquet,31.0,29.0,1
78477766012136-r4858666-n685852_cleaned.parquet,29.0,28.0,1
78567189799892-r7217787-n830961_cleaned.parquet,35.0,32.0,1
78567189799892-r9555635-n139058_cleaned.parquet,28.0,26.0,1
78617975933661-r2582019-n911952_cleaned.parquet,30.666666666666668,29.0,1
78639747188102-r3041626-n386398_cleaned.parquet,26.0,25.333333333333332,1
78877058541937-r3117156-n139058_cleaned.parquet,26.0,26.0,1
78877058541937-r4229531-n386398_cleaned.parquet,27.0,27.0,1
78252350799027-r1682297-n43543_cleaned.parquet,29.0,28.0,1
78821600643654-r6760045-n43543_cleaned.parquet,30.0,29.0,3
79073093928289-r4327055-n139058_cleaned.parquet,26.0,26.0,1
79133506330422-r3226521-n851693_cleaned.parquet,27.0,28.0,1
78894122104873-r4179716-n911952_cleaned.parquet,37.0,35.0,1
79002018180963-r8939293-n139058_cleaned.parquet,32.0,28.0,1
79167002721617-r1682297-n386398_cleaned.parquet,31.0,30.0,1
78526864222925-r5189505-n976057_cleaned.parquet,28.0,24.0,2
79060473272265-r7343737-n685852_cleaned.parquet,32.0,32.0,1
79346608499842-r3041626-n911952_cleaned.parquet,29.0,30.0,1
79346608499842-r8642123-n911952_cleaned.parquet,31.5,31.0,1
79318296211162-r3741709-n43543_cleaned.parquet,31.0,32.0,1
79427236488936-r7217787-n911952_cleaned.parquet,30.0,30.0,1
79603429157901-r5189505-n851693_cleaned.parquet,34.0,33.0,1
79221214217294-r3226521-n851693_cleaned.parquet,31.0,30.0,1
79644456732580-r1682297-n911952_cleaned.parquet,31.0,30.0,1
79666406644490-r2825489-n208530_cleaned.parquet,31.0,31.11111111111111,1
79587385068543-r629115-n386398_cleaned.parquet,33.0,31.0,6
79574958914093-r9102715-n43543_cleaned.parquet,29.2,33.0,6
79715483505016-r2100214-n851693_cleaned.parquet,30.0,25.0,3
79730108116544-r5715171-n208530_cleaned.parquet,32.0,31.0,1
79730108116544-r5189505-n976057_cleaned.parquet,29.0,27.0,1
79730108116544-r7217787-n911952_cleaned.parquet,30.0,30.0,1
79730108116544-r8062914-n208530_cleaned.parquet,33.0,33.0,1
79730108116544-r8579942-n208530_cleaned.parquet,31.0,30.0,1
79820967154281-r1485405-n911952_cleaned.parquet,30.0,28.0,7
79927651894095-r9555635-n139058_cleaned.parquet,31.0,29.0,1
79730108116544-r9192091-n851693_cleaned.parquet,30.0,29.0,1
79730108116544-r9555635-n208530_cleaned.parquet,31.0,30.0,1
80216465559919-r3117156-n136082_cleaned.parquet,38.0,36.0,1
80260171354386-r9040233-n851693_cleaned.parquet,31.0,28.0,1
80317824034469-r8642123-n911952_cleaned.parquet,32.111111111111114,33.0,2
80501810821325-r3879907-n136082_cleaned.parquet,29.0,29.0,5
80591253494737-r2825489-n139058_cleaned.parquet,31.0,29.0,1
80591253494737-r3117156-n139058_cleaned.parquet,30.0,30.0,1
80591253494737-r3879907-n139058_cleaned.parquet,30.0,29.0,1
80591253494737-r4822976-n139058_cleaned.parquet,30.0,28.0,1
80727740131207-r4858666-n851693_cleaned.parquet,32.0,30.0,1
80791567490367-r2100214-n851693_cleaned.parquet,34.0,32.0,1
80791567490367-r2582019-n911952_cleaned.parquet,34.0,32.0,1
80791567490367-r5189505-n685852_cleaned.parquet,32.0,32.0,1
80791567490367-r8333645-n830961_cleaned.parquet,34.7,33.0,1
80791567490367-r8937440-n386398_cleaned.parquet,33.0,32.0,1
80791567490367-r8937440-n830961_cleaned.parquet,34.0,33.0,1
80791567490367-r9720335-n911952_cleaned.parquet,36.0,33.0,1
80365893031014-r4179716-n911952_cleaned.parquet,31.0,27.0,2
80714850687952-r9040233-n976057_cleaned.parquet,28.0,29.0,3
81235609107367-r3226521-n43543_cleaned.parquet,25.333333333333332,27.0,1
81235609107367-r2825489-n136082_cleaned.parquet,27.0,26.0,1
81235609107367-r1682297-n911952_cleaned.parquet,29.0,28.0,1
81326066726811-r1682297-n386398_cleaned.parquet,30.0,30.0,1
81104210486530-r3879907-n136082_cleaned.parquet,30.0,31.0,1
81235609107367-r9555635-n136082_cleaned.parquet,28.0,25.0,1
81615523004308-r2100214-n386398_cleaned.parquet,27.0,25.0,1
81575429039415-r1682297-n911952_cleaned.parquet,30.0,29.0,1
8163537168358-r9189566-n911952_cleaned.parquet,31.0,28.11111111111111,1
81674715582593-r8015356-n851693_cleaned.parquet,27.0,28.0,1
79891830804157-r6272977-n386398_cleaned.parquet,30.333333333333332,27.0,7
81768146241952-r9040233-n851693_cleaned.parquet,33.77777777777778,29.0,1
81756693476014-r2652301-n830961_cleaned.parquet,31.0,30.0,1
81966152936953-r1682297-n911952_cleaned.parquet,35.0,34.0,1
81990756309914-r1485405-n911952_cleaned.parquet,32.22222222222222,30.0,1
81990756309914-r5573787-n386398_cleaned.parquet,31.0,30.0,1
81990756309914-r7343737-n911952_cleaned.parquet,31.0,29.0,1
81990756309914-r9175025-n386398_cleaned.parquet,33.0,32.0,1
81924905141562-r5189505-n976057_cleaned.parquet,34.0,32.0,6
82055341137523-r2582019-n851693_cleaned.parquet,35.888888888888886,32.2,1
81776826207044-r5189505-n685852_cleaned.parquet,34.0,33.0,1
8230920050546-r3041626-n43543_cleaned.parquet,28.0,28.333333333333332,1
82397825020533-r2582019-n911952_cleaned.parquet,30.0,28.9,1
82525167122278-r9535192-n976057_cleaned.parquet,34.0,34.0,1
82019431833429-r3226521-n976057_cleaned.parquet,27.0,28.0,1
82573312674701-r1485405-n43543_cleaned.parquet,36.0,35.0,1
82594889321508-r5573787-n976057_cleaned.parquet,34.0,32.888888888888886,1
82794627723236-r1682297-n911952_cleaned.parquet,32.0,31.0,1
82935961124762-r1682297-n43543_cleaned.parquet,34.0,33.0,1
82772168613271-r3405251-n136082_cleaned.parquet,23.0,23.0,3
83024437625974-r7343737-n43543_cleaned.parquet,33.0,31.0,1
83054214628310-r8015356-n976057_cleaned.parquet,33.0,34.0,1
83148302631554-r1457839-n386398_cleaned.parquet,30.0,30.0,1
83180791649847-r8333645-n43543_cleaned.parquet,29.0,29.0,1
83183194693885-r9535192-n976057_cleaned.parquet,27.0,26.0,1
83317509386379-r2652301-n830961_cleaned.parquet,31.22222222222222,31.0,1
83364152880543-r8939293-n136082_cleaned.parquet,27.0,27.0,1
82469881824021-r9535192-n386398_cleaned.parquet,24.0,23.0,14
83423148308546-r3041626-n976057_cleaned.parquet,29.0,26.0,2
83016951477193-r3041626-n851693_cleaned.parquet,31.0,29.0,4
83687453908176-r8937440-n976057_cleaned.parquet,29.0,29.0,1
83716399974255-r9189566-n386398_cleaned.parquet,34.0,40.0,3
83849252703174-r3226521-n685852_cleaned.parquet,32.0,29.0,2
83502686525120-r2652301-n43543_cleaned.parquet,28.88888888888889,30.0,7
84099315505639-r9352821-n386398_cleaned.parquet,31.0,28.0,1
84201142102058-r9535192-n976057_cleaned.parquet,34.0,33.0,1
83964015108292-r3226521-n685852_cleaned.parquet,29.0,26.0,14
84281633560318-r7217787-n386398_cleaned.parquet,29.0,28.0,1
84339589351229-r629115-n976057_cleaned.parquet,37.0,35.0,1
8413145177785-r9192091-n830961_cleaned.parquet,31.0,30.0,3
84355782659872-r9720335-n911952_cleaned.parquet,36.0,33.0,1
83214522481574-r1682297-n976057_cleaned.parquet,27.0,25.0,1
84677594024982-r1485405-n911952_cleaned.parquet,36.0,34.0,1
84603640828255-r7217787-n976057_cleaned.parquet,32.0,31.0,1
84355468565760-r8642123-n911952_cleaned.parquet,33.0,32.0,1
84102619529657-r9535192-n386398_cleaned.parquet,25.0,23.666666666666668,1
8503365225067-r9189566-n830961_cleaned.parquet,30.0,31.1,1
84942966236600-r1682297-n976057_cleaned.parquet,32.0,30.0,1
85318029126226-r9189566-n830961_cleaned.parquet,28.88888888888889,30.0,1
85115855245448-r3041626-n830961_cleaned.parquet,27.0,27.0,5
85635690447070-r6760045-n976057_cleaned.parquet,33.0,30.0,1
85484750204221-r1485405-n386398_cleaned.parquet,28.11111111111111,26.0,1
85674971329561-r1682297-n43543_cleaned.parquet,31.0,29.333333333333332,1
85674971329561-r1682297-n685852_cleaned.parquet,30.0,28.0,1
85459561909587-r3117156-n208530_cleaned.parquet,39.0,34.0,1
85674971329561-r7217787-n830961_cleaned.parquet,34.0,31.0,1
85674971329561-r9555635-n139058_cleaned.parquet,27.0,25.0,1
84621085747707-r9352821-n43543_cleaned.parquet,35.0,33.0,1
85708935836312-r629115-n851693_cleaned.parquet,27.88888888888889,26.0,1
85836695409301-r8937440-n911952_cleaned.parquet,33.666666666666664,34.0,3
85837443377282-r4229531-n976057_cleaned.parquet,34.7,34.0,1
85732013490751-r9175025-n851693_cleaned.parquet,32.0,33.0,6
85732013490751-r1485405-n685852_cleaned.parquet,33.0,32.0,1
8591218517843-r3041626-n43543_cleaned.parquet,32.0,30.0,1
86052208404929-r9535192-n976057_cleaned.parquet,28.0,27.0,1
85666246507469-r6760045-n685852_cleaned.parquet,33.0,30.88888888888889,6
8606218130128-r5573787-n386398_cleaned.parquet,26.0,25.0,1
86092155620203-r1682297-n830961_cleaned.parquet,34.0,31.555555555555557,1
86072116680891-r8333645-n685852_cleaned.parquet,33.0,32.0,1
84903676541684-r5189505-n386398_cleaned.parquet,33.0,33.0,1
86161531130644-r3226521-n685852_cleaned.parquet,33.0,30.0,2
86355386338179-r9040233-n976057_cleaned.parquet,31.0,31.0,2
86200445866200-r7217787-n976057_cleaned.parquet,34.0,33.0,1
86476979941007-r5573787-n386398_cleaned.parquet,32.888888888888886,32.0,1
86455478133050-r9189566-n976057_cleaned.parquet,29.0,28.0,1
86542777299026-r9175025-n851693_cleaned.parquet,31.0,32.0,2
86443696154115-r1682297-n911952_cleaned.parquet,29.0,28.0,1
86552561335962-r629115-n830961_cleaned.parquet,30.88888888888889,29.0,2
86540911433155-r2652301-n830961_cleaned.parquet,31.666666666666668,31.0,4
86578237493162-r3741709-n911952_cleaned.parquet,29.0,27.0,1
86578237493162-r629115-n911952_cleaned.parquet,28.0,29.0,1
86795895046639-r7217787-n976057_cleaned.parquet,32.0,31.0,1
86819836172310-r7343737-n685852_cleaned.parquet,31.0,31.0,1
86807769677413-r9352821-n386398_cleaned.parquet,39.0,35.77777777777778,1
84106757794564-r2582019-n386398_cleaned.parquet,27.666666666666668,28.0,2
86902892400725-r5130449-n139058_cleaned.parquet,29.0,28.22222222222222,4
87121486963220-r9720335-n386398_cleaned.parquet,33.0,28.0,1
86902892400725-r3879907-n139058_cleaned.parquet,30.0,28.0,2
87213896923222-r3226521-n911952_cleaned.parquet,32.0,35.0,1
87250520807391-r9192091-n43543_cleaned.parquet,31.0,29.0,7
87359895215825-r9040233-n851693_cleaned.parquet,33.0,30.0,1
87412339762397-r2825489-n208530_cleaned.parquet,32.0,33.0,1
87412339762397-r2998125-n208530_cleaned.parquet,31.0,29.0,1
87074718983285-r3226521-n43543_cleaned.parquet,33.6,35.0,1
87529568518495-r7343737-n685852_cleaned.parquet,31.0,31.0,1
87598216727905-r1485405-n685852_cleaned.parquet,33.0,31.0,1
87598216727905-r3041626-n830961_cleaned.parquet,30.0,30.0,1
87598216727905-r3226521-n830961_cleaned.parquet,33.0,29.0,1
87598216727905-r7343737-n685852_cleaned.parquet,31.2,31.0,1
87598216727905-r9102715-n685852_cleaned.parquet,33.0,32.0,1
87598216727905-r9192091-n830961_cleaned.parquet,31.0,29.555555555555557,1
87672311839288-r4858666-n386398_cleaned.parquet,26.0,25.0,1
87679496435738-r9040233-n386398_cleaned.parquet,31.9,32.0,1
87681760060729-r8642123-n386398_cleaned.parquet,35.0,33.0,1
87793503084491-r3117156-n208530_cleaned.parquet,34.0,32.0,1
87793503084491-r4822976-n208530_cleaned.parquet,31.0,30.0,1
87914044996489-r6760045-n386398_cleaned.parquet,25.0,26.0,3
87661160948606-r9102715-n43543_cleaned.parquet,33.0,35.0,1
88043493499780-r4327055-n136082_cleaned.parquet,36.0,34.0,1
87899024336923-r3117156-n136082_cleaned.parquet,34.0,32.0,4
86279031913996-r1682297-n976057_cleaned.parquet,29.0,27.0,1
88075937294754-r3405251-n208530_cleaned.parquet,34.0,37.0,1
86575915417480-r3041626-n851693_cleaned.parquet,30.0,29.0,2
88402632389813-r8015356-n911952_cleaned.parquet,27.0,24.444444444444443,1
88565031275774-r3741709-n43543_cleaned.parquet,36.1,34.0,2
88277289833866-r9102715-n851693_cleaned.parquet,32.0,29.0,1
88562092822909-r3741709-n976057_cleaned.parquet,37.0,34.0,1
88782754826777-r629115-n976057_cleaned.parquet,37.0,36.0,1
88677644829181-r9555635-n208530_cleaned.parquet,26.0,23.0,2
88875360595713-r5573787-n386398_cleaned.parquet,33.0,34.0,1
88944962989511-r3741709-n43543_cleaned.parquet,32.0,31.0,2
89128681976773-r5130449-n208530_cleaned.parquet,31.0,29.0,1
89228201657391-r9720335-n386398_cleaned.parquet,32.0,27.3,1
89012490375156-r3041626-n685852_cleaned.parquet,27.0,25.77777777777778,1
89231490203322-r9102715-n685852_cleaned.parquet,30.0,30.0,1
89302036949912-r6760045-n911952_cleaned.parquet,29.0,28.0,2
89547762196235-r5573787-n976057_cleaned.parquet,34.0,32.0,1
89573079658924-r9175025-n386398_cleaned.parquet,30.0,29.0,1
89273408589816-r4229531-n386398_cleaned.parquet,34.0,35.0,1
8845015354813-r9102715-n911952_cleaned.parquet,31.0,30.0,1
8966876280759-r1485405-n851693_cleaned.parquet,32.0,31.0,1
89706756701228-r2100214-n851693_cleaned.parquet,34.0,32.0,1
89706756701228-r2582019-n911952_cleaned.parquet,35.0,33.0,1
89706756701228-r5189505-n685852_cleaned.parquet,33.0,32.0,1
89706756701228-r8333645-n830961_cleaned.parquet,35.0,34.0,1
89706756701228-r8937440-n830961_cleaned.parquet,35.0,33.0,1
89706756701228-r9720335-n851693_cleaned.parquet,36.0,34.0,1
89382704173083-r2652301-n976057_cleaned.parquet,32.888888888888886,31.0,1
89706756701228-r9720335-n911952_cleaned.parquet,37.0,34.0,1
88386704541457-r629115-n386398_cleaned.parquet,28.0,29.0,1043
89889391412141-r4858666-n386398_cleaned.parquet,30.0,29.0,1
90085497325976-r9102715-n976057_cleaned.parquet,26.22222222222222,27.0,3
89966311958893-r6760045-n43543_cleaned.parquet,30.0,29.0,1
90156356526049-r9189566-n911952_cleaned.parquet,27.0,26.0,1
90266096129741-r6272977-n976057_cleaned.parquet,35.666666666666664,32.0,8
90304033163798-r1682297-n830961_cleaned.parquet,32.0,29.0,1
89378636147742-r1457839-n851693_cleaned.parquet,29.0,26.0,2
90344545679921-r6760045-n386398_cleaned.parquet,31.0,32.0,1
90691365247241-r8607415-n386398_cleaned.parquet,27.0,28.0,1
90523701251171-r9535192-n976057_cleaned.parquet,32.0,28.0,1
90791208766523-r1682297-n43543_cleaned.parquet,31.0,29.8,1
90568477639212-r3041626-n911952_cleaned.parquet,26.0,27.0,24
90791208766523-r1682297-n685852_cleaned.parquet,32.0,29.0,1
90791208766523-r7217787-n830961_cleaned.parquet,32.0,29.0,1
90791208766523-r9555635-n139058_cleaned.parquet,31.0,29.333333333333332,1
9099553361391-r9102715-n43543_cleaned.parquet,30.0,31.0,1
90451516908183-r4858666-n386398_cleaned.parquet,30.0,30.0,365
91022115631148-r8642123-n911952_cleaned.parquet,36.111111111111114,35.0,1
9099868475017-r3405251-n208530_cleaned.parquet,29.0,29.0,1
90829426127280-r3879907-n136082_cleaned.parquet,25.0,26.0,4
90247777828691-r8062914-n208530_cleaned.parquet,29.0,28.0,1
91178053377758-r3405251-n208530_cleaned.parquet,32.0,34.0,2
91388800710702-r4858666-n911952_cleaned.parquet,38.0,37.0,1
91276734753190-r2582019-n851693_cleaned.parquet,34.0,31.0,7
91417302450352-r1485405-n851693_cleaned.parquet,33.0,33.0,1
9136688460959-r3041626-n851693_cleaned.parquet,31.0,29.0,2
91325372736801-r4179716-n976057_cleaned.parquet,35.0,35.0,1
91372605682360-r8333645-n386398_cleaned.parquet,29.0,28.0,6
91867417162056-r9040233-n851693_cleaned.parquet,28.0,26.0,1
91868469427040-r3226521-n685852_cleaned.parquet,32.0,32.0,1
91957819216940-r629115-n830961_cleaned.parquet,30.0,29.0,1
92083468019238-r6760045-n386398_cleaned.parquet,27.0,30.0,2
920582314301-r5715171-n139058_cleaned.parquet,29.0,28.0,1
91210428607790-r9040233-n911952_cleaned.parquet,28.0,27.0,1
9297600616540-r3226521-n685852_cleaned.parquet,33.0,30.0,1
91924474831517-r3041626-n685852_cleaned.parquet,28.0,27.0,1
9356351318431-r3475376-n136082_cleaned.parquet,31.0,29.0,1
92050012330584-r3741709-n976057_cleaned.parquet,31.0,28.0,1
949785693141-r5573787-n976057_cleaned.parquet,27.77777777777778,26.0,1
9554249402672-r7217787-n386398_cleaned.parquet,30.0,28.0,1
940186063130-r4179716-n976057_cleaned.parquet,31.0,31.0,7
9641618790564-r9192091-n386398_cleaned.parquet,28.0,26.0,1
9824441051664-r5130449-n136082_cleaned.parquet,32.0,30.0,1
938418581447-r8939293-n136082_cleaned.parquet,28.0,27.22222222222222,1
